Workbook

Sheet Summary
A1: Deliveries in and out: summary
A2: Sample Distribution · Wacol DC · SAMPLE DATA (invented) · The Fourth Sheet · Made with Python (openpyxl)
A3: Data status (data retrieved 2pm, Tue 6 Oct 2026): today's deliveries are incomplete; 1–5 October is provisional (until October is locked); September and earlier are locked. Generated 22 Oct 2026, 7:51pm.
A5: Deliveries out, to customers
A6: Period | B6: From | C6: To | D6: Due in period | E6: On time | F6: Late | G6: Very late | H6: Overdue now | I6: Not due yet / on its way | J6: On time % | K6: In full %
A7: Today, Tue 6 Oct (as at 2pm) | B7: 46301 | C7: 46301 | D7: =COUNTIFS('Deliveries out'!$H:$H,">="&$B7,'Deliveries out'!$H:$H,"<="&$C7) | E7: =COUNTIFS('Deliveries out'!$H:$H,">="&$B7,'Deliveries out'!$H:$H,"<="&$C7,'Deliveries out'!$K:$K,"On time") | F7: =COUNTIFS('Deliveries out'!$H:$H,">="&$B7,'Deliveries out'!$H:$H,"<="&$C7,'Deliveries out'!$K:$K,"Late") | G7: =COUNTIFS('Deliveries out'!$H:$H,">="&$B7,'Deliveries out'!$H:$H,"<="&$C7,'Deliveries out'!$K:$K,"Very late") | H7: =COUNTIFS('Deliveries out'!$H:$H,">="&$B7,'Deliveries out'!$H:$H,"<="&$C7,'Deliveries out'!$K:$K,"Overdue") | I7: =COUNTIFS('Deliveries out'!$H:$H,">="&$B7,'Deliveries out'!$H:$H,"<="&$C7,'Deliveries out'!$K:$K,"In transit") | J7: =IF(SUM(E7:H7)=0,"",E7/SUM(E7:H7)) | K7: =IF(SUM(E7:G7)=0,"",SUMIFS('Deliveries out'!$P:$P,'Deliveries out'!$H:$H,">="&$B7,'Deliveries out'!$H:$H,"<="&$C7,'Deliveries out'!$Q:$Q,1)/SUM(E7:G7))
A8: Fri 2 Oct (last working day) | B8: 46297 | C8: 46297 | D8: =COUNTIFS('Deliveries out'!$H:$H,">="&$B8,'Deliveries out'!$H:$H,"<="&$C8) | E8: =COUNTIFS('Deliveries out'!$H:$H,">="&$B8,'Deliveries out'!$H:$H,"<="&$C8,'Deliveries out'!$K:$K,"On time") | F8: =COUNTIFS('Deliveries out'!$H:$H,">="&$B8,'Deliveries out'!$H:$H,"<="&$C8,'Deliveries out'!$K:$K,"Late") | G8: =COUNTIFS('Deliveries out'!$H:$H,">="&$B8,'Deliveries out'!$H:$H,"<="&$C8,'Deliveries out'!$K:$K,"Very late") | H8: =COUNTIFS('Deliveries out'!$H:$H,">="&$B8,'Deliveries out'!$H:$H,"<="&$C8,'Deliveries out'!$K:$K,"Overdue") | I8: =COUNTIFS('Deliveries out'!$H:$H,">="&$B8,'Deliveries out'!$H:$H,"<="&$C8,'Deliveries out'!$K:$K,"In transit") | J8: =IF(SUM(E8:H8)=0,"",E8/SUM(E8:H8)) | K8: =IF(SUM(E8:G8)=0,"",SUMIFS('Deliveries out'!$P:$P,'Deliveries out'!$H:$H,">="&$B8,'Deliveries out'!$H:$H,"<="&$C8,'Deliveries out'!$Q:$Q,1)/SUM(E8:G8))
A9: Last 7 days (30 Sep to 6 Oct) | B9: 46295 | C9: 46301 | D9: =COUNTIFS('Deliveries out'!$H:$H,">="&$B9,'Deliveries out'!$H:$H,"<="&$C9) | E9: =COUNTIFS('Deliveries out'!$H:$H,">="&$B9,'Deliveries out'!$H:$H,"<="&$C9,'Deliveries out'!$K:$K,"On time") | F9: =COUNTIFS('Deliveries out'!$H:$H,">="&$B9,'Deliveries out'!$H:$H,"<="&$C9,'Deliveries out'!$K:$K,"Late") | G9: =COUNTIFS('Deliveries out'!$H:$H,">="&$B9,'Deliveries out'!$H:$H,"<="&$C9,'Deliveries out'!$K:$K,"Very late") | H9: =COUNTIFS('Deliveries out'!$H:$H,">="&$B9,'Deliveries out'!$H:$H,"<="&$C9,'Deliveries out'!$K:$K,"Overdue") | I9: =COUNTIFS('Deliveries out'!$H:$H,">="&$B9,'Deliveries out'!$H:$H,"<="&$C9,'Deliveries out'!$K:$K,"In transit") | J9: =IF(SUM(E9:H9)=0,"",E9/SUM(E9:H9)) | K9: =IF(SUM(E9:G9)=0,"",SUMIFS('Deliveries out'!$P:$P,'Deliveries out'!$H:$H,">="&$B9,'Deliveries out'!$H:$H,"<="&$C9,'Deliveries out'!$Q:$Q,1)/SUM(E9:G9))
A10: Last 30 days (7 Sep to 6 Oct) | B10: 46272 | C10: 46301 | D10: =COUNTIFS('Deliveries out'!$H:$H,">="&$B10,'Deliveries out'!$H:$H,"<="&$C10) | E10: =COUNTIFS('Deliveries out'!$H:$H,">="&$B10,'Deliveries out'!$H:$H,"<="&$C10,'Deliveries out'!$K:$K,"On time") | F10: =COUNTIFS('Deliveries out'!$H:$H,">="&$B10,'Deliveries out'!$H:$H,"<="&$C10,'Deliveries out'!$K:$K,"Late") | G10: =COUNTIFS('Deliveries out'!$H:$H,">="&$B10,'Deliveries out'!$H:$H,"<="&$C10,'Deliveries out'!$K:$K,"Very late") | H10: =COUNTIFS('Deliveries out'!$H:$H,">="&$B10,'Deliveries out'!$H:$H,"<="&$C10,'Deliveries out'!$K:$K,"Overdue") | I10: =COUNTIFS('Deliveries out'!$H:$H,">="&$B10,'Deliveries out'!$H:$H,"<="&$C10,'Deliveries out'!$K:$K,"In transit") | J10: =IF(SUM(E10:H10)=0,"",E10/SUM(E10:H10)) | K10: =IF(SUM(E10:G10)=0,"",SUMIFS('Deliveries out'!$P:$P,'Deliveries out'!$H:$H,">="&$B10,'Deliveries out'!$H:$H,"<="&$C10,'Deliveries out'!$Q:$Q,1)/SUM(E10:G10))
A13: Deliveries in, from suppliers
A14: Period | B14: From | C14: To | D14: Due in period | E14: On time | F14: Late | G14: Very late | H14: Overdue now | I14: Not due yet / on its way | J14: On time % | K14: In full %
A15: Today, Tue 6 Oct (as at 2pm) | B15: 46301 | C15: 46301 | D15: =COUNTIFS('Deliveries in'!$G:$G,">="&$B15,'Deliveries in'!$G:$G,"<="&$C15) | E15: =COUNTIFS('Deliveries in'!$G:$G,">="&$B15,'Deliveries in'!$G:$G,"<="&$C15,'Deliveries in'!$I:$I,"On time") | F15: =COUNTIFS('Deliveries in'!$G:$G,">="&$B15,'Deliveries in'!$G:$G,"<="&$C15,'Deliveries in'!$I:$I,"Late") | G15: =COUNTIFS('Deliveries in'!$G:$G,">="&$B15,'Deliveries in'!$G:$G,"<="&$C15,'Deliveries in'!$I:$I,"Very late") | H15: =COUNTIFS('Deliveries in'!$G:$G,">="&$B15,'Deliveries in'!$G:$G,"<="&$C15,'Deliveries in'!$I:$I,"Overdue") | I15: =COUNTIFS('Deliveries in'!$G:$G,">="&$B15,'Deliveries in'!$G:$G,"<="&$C15,'Deliveries in'!$I:$I,"Due") | J15: =IF(SUM(E15:H15)=0,"",E15/SUM(E15:H15)) | K15: =IF(SUM(E15:G15)=0,"",SUMIFS('Deliveries in'!$P:$P,'Deliveries in'!$G:$G,">="&$B15,'Deliveries in'!$G:$G,"<="&$C15,'Deliveries in'!$O:$O,1)/SUM(E15:G15))
A16: Fri 2 Oct (last working day) | B16: 46297 | C16: 46297 | D16: =COUNTIFS('Deliveries in'!$G:$G,">="&$B16,'Deliveries in'!$G:$G,"<="&$C16) | E16: =COUNTIFS('Deliveries in'!$G:$G,">="&$B16,'Deliveries in'!$G:$G,"<="&$C16,'Deliveries in'!$I:$I,"On time") | F16: =COUNTIFS('Deliveries in'!$G:$G,">="&$B16,'Deliveries in'!$G:$G,"<="&$C16,'Deliveries in'!$I:$I,"Late") | G16: =COUNTIFS('Deliveries in'!$G:$G,">="&$B16,'Deliveries in'!$G:$G,"<="&$C16,'Deliveries in'!$I:$I,"Very late") | H16: =COUNTIFS('Deliveries in'!$G:$G,">="&$B16,'Deliveries in'!$G:$G,"<="&$C16,'Deliveries in'!$I:$I,"Overdue") | I16: =COUNTIFS('Deliveries in'!$G:$G,">="&$B16,'Deliveries in'!$G:$G,"<="&$C16,'Deliveries in'!$I:$I,"Due") | J16: =IF(SUM(E16:H16)=0,"",E16/SUM(E16:H16)) | K16: =IF(SUM(E16:G16)=0,"",SUMIFS('Deliveries in'!$P:$P,'Deliveries in'!$G:$G,">="&$B16,'Deliveries in'!$G:$G,"<="&$C16,'Deliveries in'!$O:$O,1)/SUM(E16:G16))
A17: Last 7 days (30 Sep to 6 Oct) | B17: 46295 | C17: 46301 | D17: =COUNTIFS('Deliveries in'!$G:$G,">="&$B17,'Deliveries in'!$G:$G,"<="&$C17) | E17: =COUNTIFS('Deliveries in'!$G:$G,">="&$B17,'Deliveries in'!$G:$G,"<="&$C17,'Deliveries in'!$I:$I,"On time") | F17: =COUNTIFS('Deliveries in'!$G:$G,">="&$B17,'Deliveries in'!$G:$G,"<="&$C17,'Deliveries in'!$I:$I,"Late") | G17: =COUNTIFS('Deliveries in'!$G:$G,">="&$B17,'Deliveries in'!$G:$G,"<="&$C17,'Deliveries in'!$I:$I,"Very late") | H17: =COUNTIFS('Deliveries in'!$G:$G,">="&$B17,'Deliveries in'!$G:$G,"<="&$C17,'Deliveries in'!$I:$I,"Overdue") | I17: =COUNTIFS('Deliveries in'!$G:$G,">="&$B17,'Deliveries in'!$G:$G,"<="&$C17,'Deliveries in'!$I:$I,"Due") | J17: =IF(SUM(E17:H17)=0,"",E17/SUM(E17:H17)) | K17: =IF(SUM(E17:G17)=0,"",SUMIFS('Deliveries in'!$P:$P,'Deliveries in'!$G:$G,">="&$B17,'Deliveries in'!$G:$G,"<="&$C17,'Deliveries in'!$O:$O,1)/SUM(E17:G17))
A18: Last 30 days (7 Sep to 6 Oct) | B18: 46272 | C18: 46301 | D18: =COUNTIFS('Deliveries in'!$G:$G,">="&$B18,'Deliveries in'!$G:$G,"<="&$C18) | E18: =COUNTIFS('Deliveries in'!$G:$G,">="&$B18,'Deliveries in'!$G:$G,"<="&$C18,'Deliveries in'!$I:$I,"On time") | F18: =COUNTIFS('Deliveries in'!$G:$G,">="&$B18,'Deliveries in'!$G:$G,"<="&$C18,'Deliveries in'!$I:$I,"Late") | G18: =COUNTIFS('Deliveries in'!$G:$G,">="&$B18,'Deliveries in'!$G:$G,"<="&$C18,'Deliveries in'!$I:$I,"Very late") | H18: =COUNTIFS('Deliveries in'!$G:$G,">="&$B18,'Deliveries in'!$G:$G,"<="&$C18,'Deliveries in'!$I:$I,"Overdue") | I18: =COUNTIFS('Deliveries in'!$G:$G,">="&$B18,'Deliveries in'!$G:$G,"<="&$C18,'Deliveries in'!$I:$I,"Due") | J18: =IF(SUM(E18:H18)=0,"",E18/SUM(E18:H18)) | K18: =IF(SUM(E18:G18)=0,"",SUMIFS('Deliveries in'!$P:$P,'Deliveries in'!$G:$G,">="&$B18,'Deliveries in'!$G:$G,"<="&$C18,'Deliveries in'!$O:$O,1)/SUM(E18:G18))
A21: Late by carrier and region, last 30 days
A22: From | B22: 46272 | C22: 46301
A23: Carrier · region | B23: Carrier | C23: Region | D23: Due in period | E23: Late, very late or overdue | F23: % late
A24: Carrier A · Gold Coast | B24: Carrier A | C24: Gold Coast | D24: =COUNTIFS('Deliveries out'!$H:$H,">="&$B$22,'Deliveries out'!$H:$H,"<="&$C$22,'Deliveries out'!$F:$F,$B24,'Deliveries out'!$E:$E,$C24) | E24: =COUNTIFS('Deliveries out'!$H:$H,">="&$B$22,'Deliveries out'!$H:$H,"<="&$C$22,'Deliveries out'!$F:$F,$B24,'Deliveries out'!$E:$E,$C24,'Deliveries out'!$K:$K,"Late")+COUNTIFS('Deliveries out'!$H:$H,">="&$B$22,'Deliveries out'!$H:$H,"<="&$C$22,'Deliveries out'!$F:$F,$B24,'Deliveries out'!$E:$E,$C24,'Deliveries out'!$K:$K,"Very late")+COUNTIFS('Deliveries out'!$H:$H,">="&$B$22,'Deliveries out'!$H:$H,"<="&$C$22,'Deliveries out'!$F:$F,$B24,'Deliveries out'!$E:$E,$C24,'Deliveries out'!$K:$K,"Overdue") | F24: =IF(D24=0,"",E24/D24)
A25: Carrier B · Moreton Bay | B25: Carrier B | C25: Moreton Bay | D25: =COUNTIFS('Deliveries out'!$H:$H,">="&$B$22,'Deliveries out'!$H:$H,"<="&$C$22,'Deliveries out'!$F:$F,$B25,'Deliveries out'!$E:$E,$C25) | E25: =COUNTIFS('Deliveries out'!$H:$H,">="&$B$22,'Deliveries out'!$H:$H,"<="&$C$22,'Deliveries out'!$F:$F,$B25,'Deliveries out'!$E:$E,$C25,'Deliveries out'!$K:$K,"Late")+COUNTIFS('Deliveries out'!$H:$H,">="&$B$22,'Deliveries out'!$H:$H,"<="&$C$22,'Deliveries out'!$F:$F,$B25,'Deliveries out'!$E:$E,$C25,'Deliveries out'!$K:$K,"Very late")+COUNTIFS('Deliveries out'!$H:$H,">="&$B$22,'Deliveries out'!$H:$H,"<="&$C$22,'Deliveries out'!$F:$F,$B25,'Deliveries out'!$E:$E,$C25,'Deliveries out'!$K:$K,"Overdue") | F25: =IF(D25=0,"",E25/D25)
A26: Carrier A · Logan | B26: Carrier A | C26: Logan | D26: =COUNTIFS('Deliveries out'!$H:$H,">="&$B$22,'Deliveries out'!$H:$H,"<="&$C$22,'Deliveries out'!$F:$F,$B26,'Deliveries out'!$E:$E,$C26) | E26: =COUNTIFS('Deliveries out'!$H:$H,">="&$B$22,'Deliveries out'!$H:$H,"<="&$C$22,'Deliveries out'!$F:$F,$B26,'Deliveries out'!$E:$E,$C26,'Deliveries out'!$K:$K,"Late")+COUNTIFS('Deliveries out'!$H:$H,">="&$B$22,'Deliveries out'!$H:$H,"<="&$C$22,'Deliveries out'!$F:$F,$B26,'Deliveries out'!$E:$E,$C26,'Deliveries out'!$K:$K,"Very late")+COUNTIFS('Deliveries out'!$H:$H,">="&$B$22,'Deliveries out'!$H:$H,"<="&$C$22,'Deliveries out'!$F:$F,$B26,'Deliveries out'!$E:$E,$C26,'Deliveries out'!$K:$K,"Overdue") | F26: =IF(D26=0,"",E26/D26)
A27: Own trucks · Brisbane South | B27: Own trucks | C27: Brisbane South | D27: =COUNTIFS('Deliveries out'!$H:$H,">="&$B$22,'Deliveries out'!$H:$H,"<="&$C$22,'Deliveries out'!$F:$F,$B27,'Deliveries out'!$E:$E,$C27) | E27: =COUNTIFS('Deliveries out'!$H:$H,">="&$B$22,'Deliveries out'!$H:$H,"<="&$C$22,'Deliveries out'!$F:$F,$B27,'Deliveries out'!$E:$E,$C27,'Deliveries out'!$K:$K,"Late")+COUNTIFS('Deliveries out'!$H:$H,">="&$B$22,'Deliveries out'!$H:$H,"<="&$C$22,'Deliveries out'!$F:$F,$B27,'Deliveries out'!$E:$E,$C27,'Deliveries out'!$K:$K,"Very late")+COUNTIFS('Deliveries out'!$H:$H,">="&$B$22,'Deliveries out'!$H:$H,"<="&$C$22,'Deliveries out'!$F:$F,$B27,'Deliveries out'!$E:$E,$C27,'Deliveries out'!$K:$K,"Overdue") | F27: =IF(D27=0,"",E27/D27)
A28: Carrier B · Sunshine Coast | B28: Carrier B | C28: Sunshine Coast | D28: =COUNTIFS('Deliveries out'!$H:$H,">="&$B$22,'Deliveries out'!$H:$H,"<="&$C$22,'Deliveries out'!$F:$F,$B28,'Deliveries out'!$E:$E,$C28) | E28: =COUNTIFS('Deliveries out'!$H:$H,">="&$B$22,'Deliveries out'!$H:$H,"<="&$C$22,'Deliveries out'!$F:$F,$B28,'Deliveries out'!$E:$E,$C28,'Deliveries out'!$K:$K,"Late")+COUNTIFS('Deliveries out'!$H:$H,">="&$B$22,'Deliveries out'!$H:$H,"<="&$C$22,'Deliveries out'!$F:$F,$B28,'Deliveries out'!$E:$E,$C28,'Deliveries out'!$K:$K,"Very late")+COUNTIFS('Deliveries out'!$H:$H,">="&$B$22,'Deliveries out'!$H:$H,"<="&$C$22,'Deliveries out'!$F:$F,$B28,'Deliveries out'!$E:$E,$C28,'Deliveries out'!$K:$K,"Overdue") | F28: =IF(D28=0,"",E28/D28)
A29: Own trucks · Inner Brisbane | B29: Own trucks | C29: Inner Brisbane | D29: =COUNTIFS('Deliveries out'!$H:$H,">="&$B$22,'Deliveries out'!$H:$H,"<="&$C$22,'Deliveries out'!$F:$F,$B29,'Deliveries out'!$E:$E,$C29) | E29: =COUNTIFS('Deliveries out'!$H:$H,">="&$B$22,'Deliveries out'!$H:$H,"<="&$C$22,'Deliveries out'!$F:$F,$B29,'Deliveries out'!$E:$E,$C29,'Deliveries out'!$K:$K,"Late")+COUNTIFS('Deliveries out'!$H:$H,">="&$B$22,'Deliveries out'!$H:$H,"<="&$C$22,'Deliveries out'!$F:$F,$B29,'Deliveries out'!$E:$E,$C29,'Deliveries out'!$K:$K,"Very late")+COUNTIFS('Deliveries out'!$H:$H,">="&$B$22,'Deliveries out'!$H:$H,"<="&$C$22,'Deliveries out'!$F:$F,$B29,'Deliveries out'!$E:$E,$C29,'Deliveries out'!$K:$K,"Overdue") | F29: =IF(D29=0,"",E29/D29)
A30: Carrier B · Toowoomba | B30: Carrier B | C30: Toowoomba | D30: =COUNTIFS('Deliveries out'!$H:$H,">="&$B$22,'Deliveries out'!$H:$H,"<="&$C$22,'Deliveries out'!$F:$F,$B30,'Deliveries out'!$E:$E,$C30) | E30: =COUNTIFS('Deliveries out'!$H:$H,">="&$B$22,'Deliveries out'!$H:$H,"<="&$C$22,'Deliveries out'!$F:$F,$B30,'Deliveries out'!$E:$E,$C30,'Deliveries out'!$K:$K,"Late")+COUNTIFS('Deliveries out'!$H:$H,">="&$B$22,'Deliveries out'!$H:$H,"<="&$C$22,'Deliveries out'!$F:$F,$B30,'Deliveries out'!$E:$E,$C30,'Deliveries out'!$K:$K,"Very late")+COUNTIFS('Deliveries out'!$H:$H,">="&$B$22,'Deliveries out'!$H:$H,"<="&$C$22,'Deliveries out'!$F:$F,$B30,'Deliveries out'!$E:$E,$C30,'Deliveries out'!$K:$K,"Overdue") | F30: =IF(D30=0,"",E30/D30)
A31: Own trucks · Brisbane West | B31: Own trucks | C31: Brisbane West | D31: =COUNTIFS('Deliveries out'!$H:$H,">="&$B$22,'Deliveries out'!$H:$H,"<="&$C$22,'Deliveries out'!$F:$F,$B31,'Deliveries out'!$E:$E,$C31) | E31: =COUNTIFS('Deliveries out'!$H:$H,">="&$B$22,'Deliveries out'!$H:$H,"<="&$C$22,'Deliveries out'!$F:$F,$B31,'Deliveries out'!$E:$E,$C31,'Deliveries out'!$K:$K,"Late")+COUNTIFS('Deliveries out'!$H:$H,">="&$B$22,'Deliveries out'!$H:$H,"<="&$C$22,'Deliveries out'!$F:$F,$B31,'Deliveries out'!$E:$E,$C31,'Deliveries out'!$K:$K,"Very late")+COUNTIFS('Deliveries out'!$H:$H,">="&$B$22,'Deliveries out'!$H:$H,"<="&$C$22,'Deliveries out'!$F:$F,$B31,'Deliveries out'!$E:$E,$C31,'Deliveries out'!$K:$K,"Overdue") | F31: =IF(D31=0,"",E31/D31)
A32: Own trucks · Brisbane East | B32: Own trucks | C32: Brisbane East | D32: =COUNTIFS('Deliveries out'!$H:$H,">="&$B$22,'Deliveries out'!$H:$H,"<="&$C$22,'Deliveries out'!$F:$F,$B32,'Deliveries out'!$E:$E,$C32) | E32: =COUNTIFS('Deliveries out'!$H:$H,">="&$B$22,'Deliveries out'!$H:$H,"<="&$C$22,'Deliveries out'!$F:$F,$B32,'Deliveries out'!$E:$E,$C32,'Deliveries out'!$K:$K,"Late")+COUNTIFS('Deliveries out'!$H:$H,">="&$B$22,'Deliveries out'!$H:$H,"<="&$C$22,'Deliveries out'!$F:$F,$B32,'Deliveries out'!$E:$E,$C32,'Deliveries out'!$K:$K,"Very late")+COUNTIFS('Deliveries out'!$H:$H,">="&$B$22,'Deliveries out'!$H:$H,"<="&$C$22,'Deliveries out'!$F:$F,$B32,'Deliveries out'!$E:$E,$C32,'Deliveries out'!$K:$K,"Overdue") | F32: =IF(D32=0,"",E32/D32)
A33: Own trucks · Brisbane North | B33: Own trucks | C33: Brisbane North | D33: =COUNTIFS('Deliveries out'!$H:$H,">="&$B$22,'Deliveries out'!$H:$H,"<="&$C$22,'Deliveries out'!$F:$F,$B33,'Deliveries out'!$E:$E,$C33) | E33: =COUNTIFS('Deliveries out'!$H:$H,">="&$B$22,'Deliveries out'!$H:$H,"<="&$C$22,'Deliveries out'!$F:$F,$B33,'Deliveries out'!$E:$E,$C33,'Deliveries out'!$K:$K,"Late")+COUNTIFS('Deliveries out'!$H:$H,">="&$B$22,'Deliveries out'!$H:$H,"<="&$C$22,'Deliveries out'!$F:$F,$B33,'Deliveries out'!$E:$E,$C33,'Deliveries out'!$K:$K,"Very late")+COUNTIFS('Deliveries out'!$H:$H,">="&$B$22,'Deliveries out'!$H:$H,"<="&$C$22,'Deliveries out'!$F:$F,$B33,'Deliveries out'!$E:$E,$C33,'Deliveries out'!$K:$K,"Overdue") | F33: =IF(D33=0,"",E33/D33)
A34: Own trucks · Ipswich | B34: Own trucks | C34: Ipswich | D34: =COUNTIFS('Deliveries out'!$H:$H,">="&$B$22,'Deliveries out'!$H:$H,"<="&$C$22,'Deliveries out'!$F:$F,$B34,'Deliveries out'!$E:$E,$C34) | E34: =COUNTIFS('Deliveries out'!$H:$H,">="&$B$22,'Deliveries out'!$H:$H,"<="&$C$22,'Deliveries out'!$F:$F,$B34,'Deliveries out'!$E:$E,$C34,'Deliveries out'!$K:$K,"Late")+COUNTIFS('Deliveries out'!$H:$H,">="&$B$22,'Deliveries out'!$H:$H,"<="&$C$22,'Deliveries out'!$F:$F,$B34,'Deliveries out'!$E:$E,$C34,'Deliveries out'!$K:$K,"Very late")+COUNTIFS('Deliveries out'!$H:$H,">="&$B$22,'Deliveries out'!$H:$H,"<="&$C$22,'Deliveries out'!$F:$F,$B34,'Deliveries out'!$E:$E,$C34,'Deliveries out'!$K:$K,"Overdue") | F34: =IF(D34=0,"",E34/D34)
A35: Same-day courier · Inner Brisbane | B35: Same-day courier | C35: Inner Brisbane | D35: =COUNTIFS('Deliveries out'!$H:$H,">="&$B$22,'Deliveries out'!$H:$H,"<="&$C$22,'Deliveries out'!$F:$F,$B35,'Deliveries out'!$E:$E,$C35) | E35: =COUNTIFS('Deliveries out'!$H:$H,">="&$B$22,'Deliveries out'!$H:$H,"<="&$C$22,'Deliveries out'!$F:$F,$B35,'Deliveries out'!$E:$E,$C35,'Deliveries out'!$K:$K,"Late")+COUNTIFS('Deliveries out'!$H:$H,">="&$B$22,'Deliveries out'!$H:$H,"<="&$C$22,'Deliveries out'!$F:$F,$B35,'Deliveries out'!$E:$E,$C35,'Deliveries out'!$K:$K,"Very late")+COUNTIFS('Deliveries out'!$H:$H,">="&$B$22,'Deliveries out'!$H:$H,"<="&$C$22,'Deliveries out'!$F:$F,$B35,'Deliveries out'!$E:$E,$C35,'Deliveries out'!$K:$K,"Overdue") | F35: =IF(D35=0,"",E35/D35)
A38: Late by supplier, last 30 days
A39: From | B39: 46272 | C39: 46301
A40: Supplier | B40: Supplier ID | D40: Due in period | E40: Late, very late or overdue | F40: % late
A41: Supplier A | B41: SUP2078 | D41: =COUNTIFS('Deliveries in'!$G:$G,">="&$B$39,'Deliveries in'!$G:$G,"<="&$C$39,'Deliveries in'!$C:$C,$B41) | E41: =COUNTIFS('Deliveries in'!$G:$G,">="&$B$39,'Deliveries in'!$G:$G,"<="&$C$39,'Deliveries in'!$C:$C,$B41,'Deliveries in'!$I:$I,"Late")+COUNTIFS('Deliveries in'!$G:$G,">="&$B$39,'Deliveries in'!$G:$G,"<="&$C$39,'Deliveries in'!$C:$C,$B41,'Deliveries in'!$I:$I,"Very late")+COUNTIFS('Deliveries in'!$G:$G,">="&$B$39,'Deliveries in'!$G:$G,"<="&$C$39,'Deliveries in'!$C:$C,$B41,'Deliveries in'!$I:$I,"Overdue") | F41: =IF(D41=0,"",E41/D41)
A42: Supplier C | B42: SUP2151 | D42: =COUNTIFS('Deliveries in'!$G:$G,">="&$B$39,'Deliveries in'!$G:$G,"<="&$C$39,'Deliveries in'!$C:$C,$B42) | E42: =COUNTIFS('Deliveries in'!$G:$G,">="&$B$39,'Deliveries in'!$G:$G,"<="&$C$39,'Deliveries in'!$C:$C,$B42,'Deliveries in'!$I:$I,"Late")+COUNTIFS('Deliveries in'!$G:$G,">="&$B$39,'Deliveries in'!$G:$G,"<="&$C$39,'Deliveries in'!$C:$C,$B42,'Deliveries in'!$I:$I,"Very late")+COUNTIFS('Deliveries in'!$G:$G,">="&$B$39,'Deliveries in'!$G:$G,"<="&$C$39,'Deliveries in'!$C:$C,$B42,'Deliveries in'!$I:$I,"Overdue") | F42: =IF(D42=0,"",E42/D42)
A43: Supplier D (imports) | B43: SUP2189 | D43: =COUNTIFS('Deliveries in'!$G:$G,">="&$B$39,'Deliveries in'!$G:$G,"<="&$C$39,'Deliveries in'!$C:$C,$B43) | E43: =COUNTIFS('Deliveries in'!$G:$G,">="&$B$39,'Deliveries in'!$G:$G,"<="&$C$39,'Deliveries in'!$C:$C,$B43,'Deliveries in'!$I:$I,"Late")+COUNTIFS('Deliveries in'!$G:$G,">="&$B$39,'Deliveries in'!$G:$G,"<="&$C$39,'Deliveries in'!$C:$C,$B43,'Deliveries in'!$I:$I,"Very late")+COUNTIFS('Deliveries in'!$G:$G,">="&$B$39,'Deliveries in'!$G:$G,"<="&$C$39,'Deliveries in'!$C:$C,$B43,'Deliveries in'!$I:$I,"Overdue") | F43: =IF(D43=0,"",E43/D43)
A44: Supplier K | B44: SUP2461 | D44: =COUNTIFS('Deliveries in'!$G:$G,">="&$B$39,'Deliveries in'!$G:$G,"<="&$C$39,'Deliveries in'!$C:$C,$B44) | E44: =COUNTIFS('Deliveries in'!$G:$G,">="&$B$39,'Deliveries in'!$G:$G,"<="&$C$39,'Deliveries in'!$C:$C,$B44,'Deliveries in'!$I:$I,"Late")+COUNTIFS('Deliveries in'!$G:$G,">="&$B$39,'Deliveries in'!$G:$G,"<="&$C$39,'Deliveries in'!$C:$C,$B44,'Deliveries in'!$I:$I,"Very late")+COUNTIFS('Deliveries in'!$G:$G,">="&$B$39,'Deliveries in'!$G:$G,"<="&$C$39,'Deliveries in'!$C:$C,$B44,'Deliveries in'!$I:$I,"Overdue") | F44: =IF(D44=0,"",E44/D44)
A45: Supplier E | B45: SUP2208 | D45: =COUNTIFS('Deliveries in'!$G:$G,">="&$B$39,'Deliveries in'!$G:$G,"<="&$C$39,'Deliveries in'!$C:$C,$B45) | E45: =COUNTIFS('Deliveries in'!$G:$G,">="&$B$39,'Deliveries in'!$G:$G,"<="&$C$39,'Deliveries in'!$C:$C,$B45,'Deliveries in'!$I:$I,"Late")+COUNTIFS('Deliveries in'!$G:$G,">="&$B$39,'Deliveries in'!$G:$G,"<="&$C$39,'Deliveries in'!$C:$C,$B45,'Deliveries in'!$I:$I,"Very late")+COUNTIFS('Deliveries in'!$G:$G,">="&$B$39,'Deliveries in'!$G:$G,"<="&$C$39,'Deliveries in'!$C:$C,$B45,'Deliveries in'!$I:$I,"Overdue") | F45: =IF(D45=0,"",E45/D45)
A46: Supplier G | B46: SUP2304 | D46: =COUNTIFS('Deliveries in'!$G:$G,">="&$B$39,'Deliveries in'!$G:$G,"<="&$C$39,'Deliveries in'!$C:$C,$B46) | E46: =COUNTIFS('Deliveries in'!$G:$G,">="&$B$39,'Deliveries in'!$G:$G,"<="&$C$39,'Deliveries in'!$C:$C,$B46,'Deliveries in'!$I:$I,"Late")+COUNTIFS('Deliveries in'!$G:$G,">="&$B$39,'Deliveries in'!$G:$G,"<="&$C$39,'Deliveries in'!$C:$C,$B46,'Deliveries in'!$I:$I,"Very late")+COUNTIFS('Deliveries in'!$G:$G,">="&$B$39,'Deliveries in'!$G:$G,"<="&$C$39,'Deliveries in'!$C:$C,$B46,'Deliveries in'!$I:$I,"Overdue") | F46: =IF(D46=0,"",E46/D46)
A47: Supplier B | B47: SUP2109 | D47: =COUNTIFS('Deliveries in'!$G:$G,">="&$B$39,'Deliveries in'!$G:$G,"<="&$C$39,'Deliveries in'!$C:$C,$B47) | E47: =COUNTIFS('Deliveries in'!$G:$G,">="&$B$39,'Deliveries in'!$G:$G,"<="&$C$39,'Deliveries in'!$C:$C,$B47,'Deliveries in'!$I:$I,"Late")+COUNTIFS('Deliveries in'!$G:$G,">="&$B$39,'Deliveries in'!$G:$G,"<="&$C$39,'Deliveries in'!$C:$C,$B47,'Deliveries in'!$I:$I,"Very late")+COUNTIFS('Deliveries in'!$G:$G,">="&$B$39,'Deliveries in'!$G:$G,"<="&$C$39,'Deliveries in'!$C:$C,$B47,'Deliveries in'!$I:$I,"Overdue") | F47: =IF(D47=0,"",E47/D47)
A48: Supplier F | B48: SUP2219 | D48: =COUNTIFS('Deliveries in'!$G:$G,">="&$B$39,'Deliveries in'!$G:$G,"<="&$C$39,'Deliveries in'!$C:$C,$B48) | E48: =COUNTIFS('Deliveries in'!$G:$G,">="&$B$39,'Deliveries in'!$G:$G,"<="&$C$39,'Deliveries in'!$C:$C,$B48,'Deliveries in'!$I:$I,"Late")+COUNTIFS('Deliveries in'!$G:$G,">="&$B$39,'Deliveries in'!$G:$G,"<="&$C$39,'Deliveries in'!$C:$C,$B48,'Deliveries in'!$I:$I,"Very late")+COUNTIFS('Deliveries in'!$G:$G,">="&$B$39,'Deliveries in'!$G:$G,"<="&$C$39,'Deliveries in'!$C:$C,$B48,'Deliveries in'!$I:$I,"Overdue") | F48: =IF(D48=0,"",E48/D48)
A49: Supplier H | B49: SUP2336 | D49: =COUNTIFS('Deliveries in'!$G:$G,">="&$B$39,'Deliveries in'!$G:$G,"<="&$C$39,'Deliveries in'!$C:$C,$B49) | E49: =COUNTIFS('Deliveries in'!$G:$G,">="&$B$39,'Deliveries in'!$G:$G,"<="&$C$39,'Deliveries in'!$C:$C,$B49,'Deliveries in'!$I:$I,"Late")+COUNTIFS('Deliveries in'!$G:$G,">="&$B$39,'Deliveries in'!$G:$G,"<="&$C$39,'Deliveries in'!$C:$C,$B49,'Deliveries in'!$I:$I,"Very late")+COUNTIFS('Deliveries in'!$G:$G,">="&$B$39,'Deliveries in'!$G:$G,"<="&$C$39,'Deliveries in'!$C:$C,$B49,'Deliveries in'!$I:$I,"Overdue") | F49: =IF(D49=0,"",E49/D49)
A50: Supplier I | B50: SUP2422 | D50: =COUNTIFS('Deliveries in'!$G:$G,">="&$B$39,'Deliveries in'!$G:$G,"<="&$C$39,'Deliveries in'!$C:$C,$B50) | E50: =COUNTIFS('Deliveries in'!$G:$G,">="&$B$39,'Deliveries in'!$G:$G,"<="&$C$39,'Deliveries in'!$C:$C,$B50,'Deliveries in'!$I:$I,"Late")+COUNTIFS('Deliveries in'!$G:$G,">="&$B$39,'Deliveries in'!$G:$G,"<="&$C$39,'Deliveries in'!$C:$C,$B50,'Deliveries in'!$I:$I,"Very late")+COUNTIFS('Deliveries in'!$G:$G,">="&$B$39,'Deliveries in'!$G:$G,"<="&$C$39,'Deliveries in'!$C:$C,$B50,'Deliveries in'!$I:$I,"Overdue") | F50: =IF(D50=0,"",E50/D50)
A51: Supplier J | B51: SUP2438 | D51: =COUNTIFS('Deliveries in'!$G:$G,">="&$B$39,'Deliveries in'!$G:$G,"<="&$C$39,'Deliveries in'!$C:$C,$B51) | E51: =COUNTIFS('Deliveries in'!$G:$G,">="&$B$39,'Deliveries in'!$G:$G,"<="&$C$39,'Deliveries in'!$C:$C,$B51,'Deliveries in'!$I:$I,"Late")+COUNTIFS('Deliveries in'!$G:$G,">="&$B$39,'Deliveries in'!$G:$G,"<="&$C$39,'Deliveries in'!$C:$C,$B51,'Deliveries in'!$I:$I,"Very late")+COUNTIFS('Deliveries in'!$G:$G,">="&$B$39,'Deliveries in'!$G:$G,"<="&$C$39,'Deliveries in'!$C:$C,$B51,'Deliveries in'!$I:$I,"Overdue") | F51: =IF(D51=0,"",E51/D51)
A52: Supplier L | B52: SUP2480 | D52: =COUNTIFS('Deliveries in'!$G:$G,">="&$B$39,'Deliveries in'!$G:$G,"<="&$C$39,'Deliveries in'!$C:$C,$B52) | E52: =COUNTIFS('Deliveries in'!$G:$G,">="&$B$39,'Deliveries in'!$G:$G,"<="&$C$39,'Deliveries in'!$C:$C,$B52,'Deliveries in'!$I:$I,"Late")+COUNTIFS('Deliveries in'!$G:$G,">="&$B$39,'Deliveries in'!$G:$G,"<="&$C$39,'Deliveries in'!$C:$C,$B52,'Deliveries in'!$I:$I,"Very late")+COUNTIFS('Deliveries in'!$G:$G,">="&$B$39,'Deliveries in'!$G:$G,"<="&$C$39,'Deliveries in'!$C:$C,$B52,'Deliveries in'!$I:$I,"Overdue") | F52: =IF(D52=0,"",E52/D52)
... A54: Supplier N | B54: SUP2542 | D54: =COUNTIFS('Deliveries in'!$G:$G,">="&$B$39,'Deliveries in'!$G:$G,"<="&$C$39,'Deliveries in'!$C:$C,$B54) | E54: =COUNTIFS('Deliveries in'!$G:$G,">="&$B$39,'Deliveries in'!$G:$G,"<="&$C$39,'Deliveries in'!$C:$C,$B54,'Deliveries in'!$I:$I,"Late")+COUNTIFS('Deliveries in'!$G:$G,">="&$B$39,'Deliveries in'!$G:$G,"<="&$C$39,'Deliveries in'!$C:$C,$B54,'Deliveries in'!$I:$I,"Very late")+COUNTIFS('Deliveries in'!$G:$G,">="&$B$39,'Deliveries in'!$G:$G,"<="&$C$39,'Deliveries in'!$C:$C,$B54,'Deliveries in'!$I:$I,"Overdue") | F54: =IF(D54=0,"",E54/D54)
A59: Print check (done before this file was saved)
A60: ✓ Summary: 3 pages, 86% scale, no block split
A61: ✓ Customers: 3 pages, 100% scale, no block split
A62: ✓ Suppliers: 1 page, 100% scale, no block split
A63: ✓ Deliveries out: 35 pages, 55% scale, no block split
A64: ✓ Deliveries in: 7 pages, 59% scale, no block split

Sheet Customers
A1: Customers
A2: Sample Distribution · Wacol DC · SAMPLE DATA (invented) · The Fourth Sheet · Made with Python (openpyxl)
A3: Data status (data retrieved 2pm, Tue 6 Oct 2026): today's deliveries are incomplete; 1–5 October is provisional (until October is locked); September and earlier are locked. Generated 22 Oct 2026, 7:51pm.
A5: Customer ID | B5: Customer | C5: Suburb | D5: Region | E5: Latitude | F5: Longitude | G5: Usual carrier | H5: Deliveries a week
A6: C11107 | B6: Bulimba Hardware | C6: Bulimba | D6: Brisbane East | E6: -27.4558 | F6: 153.064 | G6: Own trucks | H6: 5
A7: C11143 | B7: Cannon Hill Cafe supplies | C7: Cannon Hill | D7: Brisbane East | E7: -27.4723 | F7: 153.0841 | G7: Own trucks | H7: 3
A8: C11314 | B8: Capalaba Pharmacy | C8: Capalaba | D8: Brisbane East | E8: -27.5467 | F8: 153.1907 | G8: Own trucks | H8: 5
A9: C11264 | B9: Carindale Auto parts | C9: Carindale | D9: Brisbane East | E9: -27.5069 | F9: 153.0995 | G9: Own trucks | H9: 5
A10: C10915 | B10: Eagle Farm Trade centre | C10: Eagle Farm | D10: Brisbane East | E10: -27.4348 | F10: 153.0912 | G10: Own trucks | H10: 3
A11: C10982 | B11: Hamilton Medical clinic | C11: Hamilton | D11: Brisbane East | E11: -27.4402 | F11: 153.0679 | G11: Own trucks | H11: 5
A12: C11186 | B12: Murarrie Building supplies | C12: Murarrie | D12: Brisbane East | E12: -27.4562 | F12: 153.1 | G12: Own trucks | H12: 3
A13: C11049 | B13: Pinkenba Garden centre | C13: Pinkenba | D13: Brisbane East | E13: -27.4236 | F13: 153.123 | G13: Own trucks | H13: 2
A14: C11247 | B14: Wynnum Pet supplies | C14: Wynnum | D14: Brisbane East | E14: -27.4439 | F14: 153.1743 | G14: Own trucks | H14: 4
A15: C10689 | B15: Aspley Auto parts | C15: Aspley | D15: Brisbane North | E15: -27.3605 | F15: 153.0159 | G15: Own trucks | H15: 2
A16: C10847 | B16: Banyo Grocer | C16: Banyo | D16: Brisbane North | E16: -27.3783 | F16: 153.0788 | G16: Own trucks | H16: 4
A17: C10684 | B17: Chermside Pet supplies | C17: Chermside | D17: Brisbane North | E17: -27.3799 | F17: 153.0366 | G17: Own trucks | H17: 2
... A70: C12639 | B70: Toowoomba Medical clinic 2 | C70: Toowoomba | D70: Toowoomba | E70: -27.5595 | F70: 151.9555 | G70: Carrier B | H70: 5

Sheet Suppliers
A1: Suppliers
A2: Sample Distribution · Wacol DC · SAMPLE DATA (invented) · The Fourth Sheet · Made with Python (openpyxl)
A3: Data status (data retrieved 2pm, Tue 6 Oct 2026): today's deliveries are incomplete; 1–5 October is provisional (until October is locked); September and earlier are locked. Generated 22 Oct 2026, 7:51pm.
A5: Supplier ID | B5: Supplier | C5: Place | D5: State | E5: Latitude | F5: Longitude | G5: Transit (working days) | H5: Usual carrier
A6: SUP2078 | B6: Supplier A | C6: Wetherill Park | D6: NSW | E6: -33.85 | F6: 150.9 | G6: 2 | H6: Line-haul (road)
A7: SUP2109 | B7: Supplier B | C7: Dandenong South | D7: VIC | E7: -38.02 | F7: 145.21 | G7: 3 | H7: Line-haul (road)
A8: SUP2151 | B8: Supplier C | C8: Laverton North | D8: VIC | E8: -37.83 | F8: 144.79 | G8: 3 | H8: Line-haul (road)
A9: SUP2189 | B9: Supplier D (imports) | C9: Port of Brisbane | D9: QLD | E9: -27.38 | F9: 153.17 | G9: 1 | H9: Container cartage
A10: SUP2208 | B10: Supplier E | C10: Yatala | D10: QLD | E10: -27.75 | F10: 153.22 | G10: 1 | H10: Supplier's own truck
A11: SUP2219 | B11: Supplier F | C11: Narangba | D11: QLD | E11: -27.2 | F11: 152.96 | G11: 1 | H11: Supplier's own truck
A12: SUP2304 | B12: Supplier G | C12: Toowoomba | D12: QLD | E12: -27.56 | F12: 151.95 | G12: 1 | H12: Supplier's own truck
A13: SUP2336 | B13: Supplier H | C13: Wingfield | D13: SA | E13: -34.85 | F13: 138.57 | G13: 4 | H13: Line-haul (road)
A14: SUP2422 | B14: Supplier I | C14: Kewdale | D14: WA | E14: -31.98 | F14: 115.95 | G14: 6 | H14: Line-haul (rail)
A15: SUP2438 | B15: Supplier J | C15: Beresfield | D15: NSW | E15: -32.8 | F15: 151.65 | G15: 2 | H15: Line-haul (road)
A16: SUP2461 | B16: Supplier K | C16: Townsville | D16: QLD | E16: -19.26 | F16: 146.82 | G16: 3 | H16: Line-haul (road)
A17: SUP2480 | B17: Supplier L | C17: Rocklea | D17: QLD | E17: -27.54 | F17: 152.99 | G17: 1 | H17: Supplier's own truck
... A19: SUP2542 | B19: Supplier N | C19: Bundamba | D19: QLD | E19: -27.61 | F19: 152.8 | G19: 1 | H19: Supplier's own truck

Sheet Deliveries out
A1: Every delivery out, 3 Aug to 6 Oct 2026
A2: Sample Distribution · Wacol DC · SAMPLE DATA (invented) · The Fourth Sheet · Made with Python (openpyxl)
A3: Data status (data retrieved 2pm, Tue 6 Oct 2026): today's deliveries are incomplete; 1–5 October is provisional (until October is locked); September and earlier are locked. Generated 22 Oct 2026, 7:51pm.
A5: Delivery | B5: Order | C5: Customer ID | D5: Customer | E5: Region | F5: Carrier | G5: Order date | H5: Promised | I5: Delivered | J5: Time | K5: Status | L5: Working days late | M5: Late reason | N5: Cartons | O5: Order value | P5: In full | Q5: Completed
A6: DN318207 | B6: SO61874 | C6: C10268 | D6: =INDEX(Customers!$B:$B,MATCH(C6,Customers!$A:$A,0)) | E6: =INDEX(Customers!$D:$D,MATCH(C6,Customers!$A:$A,0)) | F6: Own trucks | G6: 46234 | H6: 46237 | I6: 46237 | J6: 08:10 | K6: On time | L6: 0 | N6: 40 | O6: 5360 | P6: 1 | Q6: =IF(OR(K6="On time",K6="Late",K6="Very late"),1,0)
A7: DN318208 | B7: SO61875 | C7: C10322 | D7: =INDEX(Customers!$B:$B,MATCH(C7,Customers!$A:$A,0)) | E7: =INDEX(Customers!$D:$D,MATCH(C7,Customers!$A:$A,0)) | F7: Own trucks | G7: 46234 | H7: 46237 | I7: 46237 | J7: 14:40 | K7: On time | L7: 0 | N7: 30 | O7: 2550 | P7: 0 | Q7: =IF(OR(K7="On time",K7="Late",K7="Very late"),1,0)
A8: DN318209 | B8: SO61876 | C8: C10343 | D8: =INDEX(Customers!$B:$B,MATCH(C8,Customers!$A:$A,0)) | E8: =INDEX(Customers!$D:$D,MATCH(C8,Customers!$A:$A,0)) | F8: Own trucks | G8: 46234 | H8: 46237 | I8: 46237 | J8: 07:50 | K8: On time | L8: 0 | N8: 33 | O8: 3135 | P8: 1 | Q8: =IF(OR(K8="On time",K8="Late",K8="Very late"),1,0)
A9: DN318210 | B9: SO61877 | C9: C10413 | D9: =INDEX(Customers!$B:$B,MATCH(C9,Customers!$A:$A,0)) | E9: =INDEX(Customers!$D:$D,MATCH(C9,Customers!$A:$A,0)) | F9: Own trucks | G9: 46234 | H9: 46237 | I9: 46237 | J9: 13:50 | K9: On time | L9: 0 | N9: 34 | O9: 4624 | P9: 1 | Q9: =IF(OR(K9="On time",K9="Late",K9="Very late"),1,0)
A10: DN318211 | B10: SO61878 | C10: C10446 | D10: =INDEX(Customers!$B:$B,MATCH(C10,Customers!$A:$A,0)) | E10: =INDEX(Customers!$D:$D,MATCH(C10,Customers!$A:$A,0)) | F10: Own trucks | G10: 46234 | H10: 46237 | I10: 46237 | J10: 14:10 | K10: On time | L10: 0 | N10: 38 | O10: 3572 | P10: 0 | Q10: =IF(OR(K10="On time",K10="Late",K10="Very late"),1,0)
A11: DN318212 | B11: SO61879 | C11: C10522 | D11: =INDEX(Customers!$B:$B,MATCH(C11,Customers!$A:$A,0)) | E11: =INDEX(Customers!$D:$D,MATCH(C11,Customers!$A:$A,0)) | F11: Own trucks | G11: 46234 | H11: 46237 | I11: 46237 | J11: 16:40 | K11: On time | L11: 0 | N11: 33 | O11: 2277 | P11: 1 | Q11: =IF(OR(K11="On time",K11="Late",K11="Very late"),1,0)
A12: DN318213 | B12: SO61880 | C12: C10536 | D12: =INDEX(Customers!$B:$B,MATCH(C12,Customers!$A:$A,0)) | E12: =INDEX(Customers!$D:$D,MATCH(C12,Customers!$A:$A,0)) | F12: Own trucks | G12: 46234 | H12: 46237 | I12: 46237 | J12: 14:30 | K12: On time | L12: 0 | N12: 35 | O12: 3080 | P12: 1 | Q12: =IF(OR(K12="On time",K12="Late",K12="Very late"),1,0)
A13: DN318214 | B13: SO61881 | C13: C10622 | D13: =INDEX(Customers!$B:$B,MATCH(C13,Customers!$A:$A,0)) | E13: =INDEX(Customers!$D:$D,MATCH(C13,Customers!$A:$A,0)) | F13: Own trucks | G13: 46234 | H13: 46237 | I13: 46237 | J13: 16:10 | K13: On time | L13: 0 | N13: 10 | O13: 610 | P13: 1 | Q13: =IF(OR(K13="On time",K13="Late",K13="Very late"),1,0)
A14: DN318215 | B14: SO61882 | C14: C10676 | D14: =INDEX(Customers!$B:$B,MATCH(C14,Customers!$A:$A,0)) | E14: =INDEX(Customers!$D:$D,MATCH(C14,Customers!$A:$A,0)) | F14: Own trucks | G14: 46234 | H14: 46237 | I14: 46237 | J14: 13:30 | K14: On time | L14: 0 | N14: 11 | O14: 1276 | P14: 1 | Q14: =IF(OR(K14="On time",K14="Late",K14="Very late"),1,0)
A15: DN318216 | B15: SO61883 | C15: C10689 | D15: =INDEX(Customers!$B:$B,MATCH(C15,Customers!$A:$A,0)) | E15: =INDEX(Customers!$D:$D,MATCH(C15,Customers!$A:$A,0)) | F15: Own trucks | G15: 46234 | H15: 46237 | I15: 46237 | J15: 14:50 | K15: On time | L15: 0 | N15: 36 | O15: 3132 | P15: 1 | Q15: =IF(OR(K15="On time",K15="Late",K15="Very late"),1,0)
A16: DN318217 | B16: SO61884 | C16: C10796 | D16: =INDEX(Customers!$B:$B,MATCH(C16,Customers!$A:$A,0)) | E16: =INDEX(Customers!$D:$D,MATCH(C16,Customers!$A:$A,0)) | F16: Own trucks | G16: 46234 | H16: 46237 | I16: 46237 | J16: 15:50 | K16: On time | L16: 0 | N16: 32 | O16: 3392 | P16: 1 | Q16: =IF(OR(K16="On time",K16="Late",K16="Very late"),1,0)
A17: DN318218 | B17: SO61885 | C17: C10847 | D17: =INDEX(Customers!$B:$B,MATCH(C17,Customers!$A:$A,0)) | E17: =INDEX(Customers!$D:$D,MATCH(C17,Customers!$A:$A,0)) | F17: Own trucks | G17: 46234 | H17: 46237 | I17: 46237 | J17: 07:10 | K17: On time | L17: 0 | N17: 40 | O17: 4520 | P17: 1 | Q17: =IF(OR(K17="On time",K17="Late",K17="Very late"),1,0)
... A35: DN318236 | B35: SO61905 | C35: C12365 | D35: =INDEX(Customers!$B:$B,MATCH(C35,Customers!$A:$A,0)) | E35: =INDEX(Customers!$D:$D,MATCH(C35,Customers!$A:$A,0)) | F35: Carrier B | G35: 46234 | H35: 46237 | I35: 46237 | J35: 14:50 | K35: On time | L35: 0 | N35: 23 | O35: 2461 | P35: 1 | Q35: =IF(OR(K35="On time",K35="Late",K35="Very late"),1,0)
A36: DN318237 | B36: SO61906 | C36: C12393 | D36: =INDEX(Customers!$B:$B,MATCH(C36,Customers!$A:$A,0)) | E36: =INDEX(Customers!$D:$D,MATCH(C36,Customers!$A:$A,0)) | F36: Carrier A | G36: 46234 | H36: 46237 | I36: 46239 | J36: 16:40 | K36: Very late | L36: 2 | M36: Carrier delay | N36: 15 | O36: 1035 | P36: 1 | Q36: =IF(OR(K36="On time",K36="Late",K36="Very late"),1,0)
A37: DN318238 | B37: SO61907 | C37: C12420 | D37: =INDEX(Customers!$B:$B,MATCH(C37,Customers!$A:$A,0)) | E37: =INDEX(Customers!$D:$D,MATCH(C37,Customers!$A:$A,0)) | F37: Carrier A | G37: 46234 | H37: 46237 | I37: 46237 | J37: 10:40 | K37: On time | L37: 0 | N37: 20 | O37: 2540 | P37: 1 | Q37: =IF(OR(K37="On time",K37="Late",K37="Very late"),1,0)
A38: DN318239 | B38: SO61909 | C38: C12490 | D38: =INDEX(Customers!$B:$B,MATCH(C38,Customers!$A:$A,0)) | E38: =INDEX(Customers!$D:$D,MATCH(C38,Customers!$A:$A,0)) | F38: Carrier A | G38: 46234 | H38: 46237 | I38: 46238 | J38: 07:20 | K38: Late | L38: 1 | M38: Carrier delay | N38: 13 | O38: 1781 | P38: 1 | Q38: =IF(OR(K38="On time",K38="Late",K38="Very late"),1,0)
A39: DN318240 | B39: SO61910 | C39: C12543 | D39: =INDEX(Customers!$B:$B,MATCH(C39,Customers!$A:$A,0)) | E39: =INDEX(Customers!$D:$D,MATCH(C39,Customers!$A:$A,0)) | F39: Carrier B | G39: 46233 | H39: 46237 | I39: 46237 | J39: 11:20 | K39: On time | L39: 0 | N39: 12 | O39: 1056 | P39: 1 | Q39: =IF(OR(K39="On time",K39="Late",K39="Very late"),1,0)
A40: DN318241 | B40: SO61911 | C40: C12557 | D40: =INDEX(Customers!$B:$B,MATCH(C40,Customers!$A:$A,0)) | E40: =INDEX(Customers!$D:$D,MATCH(C40,Customers!$A:$A,0)) | F40: Carrier B | G40: 46233 | H40: 46237 | I40: 46237 | J40: 11:30 | K40: On time | L40: 0 | N40: 2 | O40: 124 | P40: 1 | Q40: =IF(OR(K40="On time",K40="Late",K40="Very late"),1,0)
A41: DN318242 | B41: SO61912 | C41: C12617 | D41: =INDEX(Customers!$B:$B,MATCH(C41,Customers!$A:$A,0)) | E41: =INDEX(Customers!$D:$D,MATCH(C41,Customers!$A:$A,0)) | F41: Carrier B | G41: 46233 | H41: 46237 | I41: 46237 | J41: 15:40 | K41: On time | L41: 0 | N41: 24 | O41: 2280 | P41: 1 | Q41: =IF(OR(K41="On time",K41="Late",K41="Very late"),1,0)
A42: DN318243 | B42: SO61914 | C42: C12639 | D42: =INDEX(Customers!$B:$B,MATCH(C42,Customers!$A:$A,0)) | E42: =INDEX(Customers!$D:$D,MATCH(C42,Customers!$A:$A,0)) | F42: Carrier B | G42: 46233 | H42: 46237 | I42: 46237 | J42: 13:20 | K42: On time | L42: 0 | N42: 40 | O42: 3280 | P42: 1 | Q42: =IF(OR(K42="On time",K42="Late",K42="Very late"),1,0)
A43: DN318244 | B43: SO61915 | C43: C12675 | D43: =INDEX(Customers!$B:$B,MATCH(C43,Customers!$A:$A,0)) | E43: =INDEX(Customers!$D:$D,MATCH(C43,Customers!$A:$A,0)) | F43: Carrier B | G43: 46233 | H43: 46237 | I43: 46237 | J43: 08:50 | K43: On time | L43: 0 | N43: 25 | O43: 2975 | P43: 1 | Q43: =IF(OR(K43="On time",K43="Late",K43="Very late"),1,0)
A44: DN318245 | B44: SO61917 | C44: C10322 | D44: =INDEX(Customers!$B:$B,MATCH(C44,Customers!$A:$A,0)) | E44: =INDEX(Customers!$D:$D,MATCH(C44,Customers!$A:$A,0)) | F44: Own trucks | G44: 46237 | H44: 46238 | I44: 46238 | J44: 13:00 | K44: On time | L44: 0 | N44: 20 | O44: 1940 | P44: 1 | Q44: =IF(OR(K44="On time",K44="Late",K44="Very late"),1,0)
A45: DN318246 | B45: SO61918 | C45: C10343 | D45: =INDEX(Customers!$B:$B,MATCH(C45,Customers!$A:$A,0)) | E45: =INDEX(Customers!$D:$D,MATCH(C45,Customers!$A:$A,0)) | F45: Own trucks | G45: 46237 | H45: 46238 | I45: 46238 | J45: 13:20 | K45: On time | L45: 0 | N45: 39 | O45: 2223 | P45: 1 | Q45: =IF(OR(K45="On time",K45="Late",K45="Very late"),1,0)
A46: DN318247 | B46: SO61919 | C46: C10413 | D46: =INDEX(Customers!$B:$B,MATCH(C46,Customers!$A:$A,0)) | E46: =INDEX(Customers!$D:$D,MATCH(C46,Customers!$A:$A,0)) | F46: Own trucks | G46: 46237 | H46: 46238 | I46: 46238 | J46: 08:10 | K46: On time | L46: 0 | N46: 9 | O46: 630 | P46: 1 | Q46: =IF(OR(K46="On time",K46="Late",K46="Very late"),1,0)
A47: DN318248 | B47: SO61921 | C47: C10446 | D47: =INDEX(Customers!$B:$B,MATCH(C47,Customers!$A:$A,0)) | E47: =INDEX(Customers!$D:$D,MATCH(C47,Customers!$A:$A,0)) | F47: Own trucks | G47: 46237 | H47: 46238 | I47: 46238 | J47: 11:00 | K47: On time | L47: 0 | N47: 29 | O47: 3741 | P47: 1 | Q47: =IF(OR(K47="On time",K47="Late",K47="Very late"),1,0)
A48: DN318249 | B48: SO61922 | C48: C10522 | D48: =INDEX(Customers!$B:$B,MATCH(C48,Customers!$A:$A,0)) | E48: =INDEX(Customers!$D:$D,MATCH(C48,Customers!$A:$A,0)) | F48: Own trucks | G48: 46237 | H48: 46238 | I48: 46238 | J48: 09:10 | K48: On time | L48: 0 | N48: 36 | O48: 2088 | P48: 1 | Q48: =IF(OR(K48="On time",K48="Late",K48="Very late"),1,0)
A49: DN318250 | B49: SO61923 | C49: C10536 | D49: =INDEX(Customers!$B:$B,MATCH(C49,Customers!$A:$A,0)) | E49: =INDEX(Customers!$D:$D,MATCH(C49,Customers!$A:$A,0)) | F49: Own trucks | G49: 46237 | H49: 46238 | I49: 46238 | J49: 13:20 | K49: On time | L49: 0 | N49: 11 | O49: 924 | P49: 0 | Q49: =IF(OR(K49="On time",K49="Late",K49="Very late"),1,0)
A50: DN318251 | B50: SO61924 | C50: C10589 | D50: =INDEX(Customers!$B:$B,MATCH(C50,Customers!$A:$A,0)) | E50: =INDEX(Customers!$D:$D,MATCH(C50,Customers!$A:$A,0)) | F50: Own trucks | G50: 46237 | H50: 46238 | I50: 46238 | J50: 12:10 | K50: On time | L50: 0 | N50: 39 | O50: 2574 | P50: 1 | Q50: =IF(OR(K50="On time",K50="Late",K50="Very late"),1,0)
... A82: DN318285 | B82: SO61958 | C82: C12543 | D82: =INDEX(Customers!$B:$B,MATCH(C82,Customers!$A:$A,0)) | E82: =INDEX(Customers!$D:$D,MATCH(C82,Customers!$A:$A,0)) | F82: Carrier B | G82: 46234 | H82: 46238 | I82: 46238 | J82: 12:20 | K82: On time | L82: 0 | N82: 40 | O82: 4640 | P82: 1 | Q82: =IF(OR(K82="On time",K82="Late",K82="Very late"),1,0)
A83: DN318287 | B83: SO61959 | C83: C12617 | D83: =INDEX(Customers!$B:$B,MATCH(C83,Customers!$A:$A,0)) | E83: =INDEX(Customers!$D:$D,MATCH(C83,Customers!$A:$A,0)) | F83: Carrier B | G83: 46234 | H83: 46238 | I83: 46239 | J83: 12:20 | K83: Late | L83: 1 | M83: Carrier delay | N83: 31 | O83: 2480 | P83: 1 | Q83: =IF(OR(K83="On time",K83="Late",K83="Very late"),1,0)
A84: DN318288 | B84: SO61960 | C84: C12639 | D84: =INDEX(Customers!$B:$B,MATCH(C84,Customers!$A:$A,0)) | E84: =INDEX(Customers!$D:$D,MATCH(C84,Customers!$A:$A,0)) | F84: Carrier B | G84: 46234 | H84: 46238 | I84: 46238 | J84: 16:00 | K84: On time | L84: 0 | N84: 28 | O84: 1764 | P84: 1 | Q84: =IF(OR(K84="On time",K84="Late",K84="Very late"),1,0)
A85: DN318289 | B85: SO61961 | C85: C12675 | D85: =INDEX(Customers!$B:$B,MATCH(C85,Customers!$A:$A,0)) | E85: =INDEX(Customers!$D:$D,MATCH(C85,Customers!$A:$A,0)) | F85: Carrier B | G85: 46234 | H85: 46238 | I85: 46238 | J85: 15:20 | K85: On time | L85: 0 | N85: 32 | O85: 4256 | P85: 1 | Q85: =IF(OR(K85="On time",K85="Late",K85="Very late"),1,0)
A86: DN318290 | B86: SO61962 | C86: C10322 | D86: =INDEX(Customers!$B:$B,MATCH(C86,Customers!$A:$A,0)) | E86: =INDEX(Customers!$D:$D,MATCH(C86,Customers!$A:$A,0)) | F86: Own trucks | G86: 46238 | H86: 46239 | I86: 46239 | J86: 12:20 | K86: On time | L86: 0 | N86: 13 | O86: 832 | P86: 1 | Q86: =IF(OR(K86="On time",K86="Late",K86="Very late"),1,0)
A87: DN318291 | B87: SO61963 | C87: C10343 | D87: =INDEX(Customers!$B:$B,MATCH(C87,Customers!$A:$A,0)) | E87: =INDEX(Customers!$D:$D,MATCH(C87,Customers!$A:$A,0)) | F87: Own trucks | G87: 46238 | H87: 46239 | I87: 46239 | J87: 15:40 | K87: On time | L87: 0 | N87: 26 | O87: 3510 | P87: 1 | Q87: =IF(OR(K87="On time",K87="Late",K87="Very late"),1,0)
A88: DN318292 | B88: SO61964 | C88: C10446 | D88: =INDEX(Customers!$B:$B,MATCH(C88,Customers!$A:$A,0)) | E88: =INDEX(Customers!$D:$D,MATCH(C88,Customers!$A:$A,0)) | F88: Own trucks | G88: 46238 | H88: 46239 | I88: 46239 | J88: 15:40 | K88: On time | L88: 0 | N88: 10 | O88: 1200 | P88: 1 | Q88: =IF(OR(K88="On time",K88="Late",K88="Very late"),1,0)
A89: DN318293 | B89: SO61965 | C89: C10522 | D89: =INDEX(Customers!$B:$B,MATCH(C89,Customers!$A:$A,0)) | E89: =INDEX(Customers!$D:$D,MATCH(C89,Customers!$A:$A,0)) | F89: Own trucks | G89: 46238 | H89: 46239 | I89: 46239 | J89: 12:20 | K89: On time | L89: 0 | N89: 27 | O89: 3321 | P89: 1 | Q89: =IF(OR(K89="On time",K89="Late",K89="Very late"),1,0)
A90: DN318294 | B90: SO61967 | C90: C10536 | D90: =INDEX(Customers!$B:$B,MATCH(C90,Customers!$A:$A,0)) | E90: =INDEX(Customers!$D:$D,MATCH(C90,Customers!$A:$A,0)) | F90: Own trucks | G90: 46238 | H90: 46239 | I90: 46239 | J90: 15:50 | K90: On time | L90: 0 | N90: 11 | O90: 803 | P90: 1 | Q90: =IF(OR(K90="On time",K90="Late",K90="Very late"),1,0)
A91: DN318295 | B91: SO61968 | C91: C10589 | D91: =INDEX(Customers!$B:$B,MATCH(C91,Customers!$A:$A,0)) | E91: =INDEX(Customers!$D:$D,MATCH(C91,Customers!$A:$A,0)) | F91: Own trucks | G91: 46238 | H91: 46239 | I91: 46239 | J91: 07:20 | K91: On time | L91: 0 | N91: 21 | O91: 1617 | P91: 1 | Q91: =IF(OR(K91="On time",K91="Late",K91="Very late"),1,0)
A92: DN318296 | B92: SO61969 | C92: C10676 | D92: =INDEX(Customers!$B:$B,MATCH(C92,Customers!$A:$A,0)) | E92: =INDEX(Customers!$D:$D,MATCH(C92,Customers!$A:$A,0)) | F92: Own trucks | G92: 46238 | H92: 46239 | I92: 46239 | J92: 07:10 | K92: On time | L92: 0 | N92: 11 | O92: 1177 | P92: 1 | Q92: =IF(OR(K92="On time",K92="Late",K92="Very late"),1,0)
A93: DN318297 | B93: SO61970 | C93: C10746 | D93: =INDEX(Customers!$B:$B,MATCH(C93,Customers!$A:$A,0)) | E93: =INDEX(Customers!$D:$D,MATCH(C93,Customers!$A:$A,0)) | F93: Own trucks | G93: 46238 | H93: 46239 | I93: 46239 | J93: 12:40 | K93: On time | L93: 0 | N93: 7 | O93: 798 | P93: 1 | Q93: =IF(OR(K93="On time",K93="Late",K93="Very late"),1,0)
A94: DN318298 | B94: SO61972 | C94: C10796 | D94: =INDEX(Customers!$B:$B,MATCH(C94,Customers!$A:$A,0)) | E94: =INDEX(Customers!$D:$D,MATCH(C94,Customers!$A:$A,0)) | F94: Own trucks | G94: 46238 | H94: 46239 | I94: 46239 | J94: 09:50 | K94: On time | L94: 0 | N94: 34 | O94: 2040 | P94: 1 | Q94: =IF(OR(K94="On time",K94="Late",K94="Very late"),1,0)
A95: DN318299 | B95: SO61973 | C95: C10847 | D95: =INDEX(Customers!$B:$B,MATCH(C95,Customers!$A:$A,0)) | E95: =INDEX(Customers!$D:$D,MATCH(C95,Customers!$A:$A,0)) | F95: Own trucks | G95: 46238 | H95: 46239 | I95: 46239 | J95: 11:20 | K95: On time | L95: 0 | N95: 3 | O95: 225 | P95: 1 | Q95: =IF(OR(K95="On time",K95="Late",K95="Very late"),1,0)
... A110: DN318314 | B110: SO61989 | C110: C12262 | D110: =INDEX(Customers!$B:$B,MATCH(C110,Customers!$A:$A,0)) | E110: =INDEX(Customers!$D:$D,MATCH(C110,Customers!$A:$A,0)) | F110: Carrier B | G110: 46238 | H110: 46239 | I110: 46239 | J110: 14:40 | K110: On time | L110: 0 | N110: 3 | O110: 354 | P110: 1 | Q110: =IF(OR(K110="On time",K110="Late",K110="Very late"),1,0)
A111: DN318315 | B111: SO61990 | C111: C12305 | D111: =INDEX(Customers!$B:$B,MATCH(C111,Customers!$A:$A,0)) | E111: =INDEX(Customers!$D:$D,MATCH(C111,Customers!$A:$A,0)) | F111: Carrier B | G111: 46238 | H111: 46239 | I111: 46240 | J111: 10:40 | K111: Late | L111: 1 | M111: Carrier delay | N111: 22 | O111: 1958 | P111: 1 | Q111: =IF(OR(K111="On time",K111="Late",K111="Very late"),1,0)
A112: DN318316 | B112: SO61991 | C112: C12371 | D112: =INDEX(Customers!$B:$B,MATCH(C112,Customers!$A:$A,0)) | E112: =INDEX(Customers!$D:$D,MATCH(C112,Customers!$A:$A,0)) | F112: Carrier A | G112: 46238 | H112: 46239 | I112: 46239 | J112: 15:10 | K112: On time | L112: 0 | N112: 35 | O112: 2450 | P112: 1 | Q112: =IF(OR(K112="On time",K112="Late",K112="Very late"),1,0)
A113: DN318318 | B113: SO61992 | C113: C12420 | D113: =INDEX(Customers!$B:$B,MATCH(C113,Customers!$A:$A,0)) | E113: =INDEX(Customers!$D:$D,MATCH(C113,Customers!$A:$A,0)) | F113: Carrier A | G113: 46238 | H113: 46239 | I113: 46239 | J113: 08:00 | K113: On time | L113: 0 | N113: 28 | O113: 2968 | P113: 1 | Q113: =IF(OR(K113="On time",K113="Late",K113="Very late"),1,0)
A114: DN318319 | B114: SO61993 | C114: C12490 | D114: =INDEX(Customers!$B:$B,MATCH(C114,Customers!$A:$A,0)) | E114: =INDEX(Customers!$D:$D,MATCH(C114,Customers!$A:$A,0)) | F114: Carrier A | G114: 46238 | H114: 46239 | I114: 46241 | J114: 12:00 | K114: Very late | L114: 2 | M114: Carrier delay | N114: 18 | O114: 1368 | P114: 1 | Q114: =IF(OR(K114="On time",K114="Late",K114="Very late"),1,0)
A115: DN318320 | B115: SO61994 | C115: C12527 | D115: =INDEX(Customers!$B:$B,MATCH(C115,Customers!$A:$A,0)) | E115: =INDEX(Customers!$D:$D,MATCH(C115,Customers!$A:$A,0)) | F115: Carrier A | G115: 46238 | H115: 46239 | I115: 46239 | J115: 15:00 | K115: On time | L115: 0 | N115: 30 | O115: 3750 | P115: 1 | Q115: =IF(OR(K115="On time",K115="Late",K115="Very late"),1,0)
A116: DN318321 | B116: SO61995 | C116: C12543 | D116: =INDEX(Customers!$B:$B,MATCH(C116,Customers!$A:$A,0)) | E116: =INDEX(Customers!$D:$D,MATCH(C116,Customers!$A:$A,0)) | F116: Carrier B | G116: 46237 | H116: 46239 | I116: 46239 | J116: 14:40 | K116: On time | L116: 0 | N116: 4 | O116: 316 | P116: 1 | Q116: =IF(OR(K116="On time",K116="Late",K116="Very late"),1,0)
A117: DN318322 | B117: SO61996 | C117: C12617 | D117: =INDEX(Customers!$B:$B,MATCH(C117,Customers!$A:$A,0)) | E117: =INDEX(Customers!$D:$D,MATCH(C117,Customers!$A:$A,0)) | F117: Carrier B | G117: 46237 | H117: 46239 | I117: 46239 | J117: 08:20 | K117: On time | L117: 0 | N117: 15 | O117: 825 | P117: 1 | Q117: =IF(OR(K117="On time",K117="Late",K117="Very late"),1,0)
A118: DN318323 | B118: SO61997 | C118: C12639 | D118: =INDEX(Customers!$B:$B,MATCH(C118,Customers!$A:$A,0)) | E118: =INDEX(Customers!$D:$D,MATCH(C118,Customers!$A:$A,0)) | F118: Carrier B | G118: 46237 | H118: 46239 | I118: 46239 | J118: 15:10 | K118: On time | L118: 0 | N118: 37 | O118: 5032 | P118: 1 | Q118: =IF(OR(K118="On time",K118="Late",K118="Very late"),1,0)
A119: DN318324 | B119: SO61999 | C119: C12675 | D119: =INDEX(Customers!$B:$B,MATCH(C119,Customers!$A:$A,0)) | E119: =INDEX(Customers!$D:$D,MATCH(C119,Customers!$A:$A,0)) | F119: Carrier B | G119: 46237 | H119: 46239 | I119: 46239 | J119: 07:40 | K119: On time | L119: 0 | N119: 24 | O119: 2016 | P119: 1 | Q119: =IF(OR(K119="On time",K119="Late",K119="Very late"),1,0)
A120: DN318325 | B120: SO62000 | C120: C10322 | D120: =INDEX(Customers!$B:$B,MATCH(C120,Customers!$A:$A,0)) | E120: =INDEX(Customers!$D:$D,MATCH(C120,Customers!$A:$A,0)) | F120: Same-day courier | G120: 46239 | H120: 46240 | I120: 46240 | J120: 08:30 | K120: On time | L120: 0 | N120: 13 | O120: 988 | P120: 1 | Q120: =IF(OR(K120="On time",K120="Late",K120="Very late"),1,0)
A121: DN318326 | B121: SO62002 | C121: C10343 | D121: =INDEX(Customers!$B:$B,MATCH(C121,Customers!$A:$A,0)) | E121: =INDEX(Customers!$D:$D,MATCH(C121,Customers!$A:$A,0)) | F121: Own trucks | G121: 46239 | H121: 46240 | I121: 46240 | J121: 11:50 | K121: On time | L121: 0 | N121: 12 | O121: 1368 | P121: 1 | Q121: =IF(OR(K121="On time",K121="Late",K121="Very late"),1,0)
A122: DN318327 | B122: SO62003 | C122: C10413 | D122: =INDEX(Customers!$B:$B,MATCH(C122,Customers!$A:$A,0)) | E122: =INDEX(Customers!$D:$D,MATCH(C122,Customers!$A:$A,0)) | F122: Own trucks | G122: 46239 | H122: 46240 | I122: 46240 | J122: 16:40 | K122: On time | L122: 0 | N122: 17 | O122: 1955 | P122: 1 | Q122: =IF(OR(K122="On time",K122="Late",K122="Very late"),1,0)
A123: DN318328 | B123: SO62004 | C123: C10446 | D123: =INDEX(Customers!$B:$B,MATCH(C123,Customers!$A:$A,0)) | E123: =INDEX(Customers!$D:$D,MATCH(C123,Customers!$A:$A,0)) | F123: Own trucks | G123: 46239 | H123: 46240 | I123: 46240 | J123: 15:00 | K123: On time | L123: 0 | N123: 10 | O123: 550 | P123: 1 | Q123: =IF(OR(K123="On time",K123="Late",K123="Very late"),1,0)
A124: DN318329 | B124: SO62005 | C124: C10515 | D124: =INDEX(Customers!$B:$B,MATCH(C124,Customers!$A:$A,0)) | E124: =INDEX(Customers!$D:$D,MATCH(C124,Customers!$A:$A,0)) | F124: Own trucks | G124: 46239 | H124: 46240 | I124: 46240 | J124: 16:20 | K124: On time | L124: 0 | N124: 34 | O124: 3400 | P124: 1 | Q124: =IF(OR(K124="On time",K124="Late",K124="Very late"),1,0)
A125: DN318330 | B125: SO62006 | C125: C10522 | D125: =INDEX(Customers!$B:$B,MATCH(C125,Customers!$A:$A,0)) | E125: =INDEX(Customers!$D:$D,MATCH(C125,Customers!$A:$A,0)) | F125: Same-day courier | G125: 46239 | H125: 46240 | I125: 46240 | J125: 08:30 | K125: On time | L125: 0 | N125: 17 | O125: 1581 | P125: 1 | Q125: =IF(OR(K125="On time",K125="Late",K125="Very late"),1,0)
A126: DN318331 | B126: SO62007 | C126: C10536 | D126: =INDEX(Customers!$B:$B,MATCH(C126,Customers!$A:$A,0)) | E126: =INDEX(Customers!$D:$D,MATCH(C126,Customers!$A:$A,0)) | F126: Own trucks | G126: 46239 | H126: 46240 | I126: 46240 | J126: 09:20 | K126: On time | L126: 0 | N126: 36 | O126: 2016 | P126: 1 | Q126: =IF(OR(K126="On time",K126="Late",K126="Very late"),1,0)
... A141: DN318346 | B141: SO62025 | C141: C11579 | D141: =INDEX(Customers!$B:$B,MATCH(C141,Customers!$A:$A,0)) | E141: =INDEX(Customers!$D:$D,MATCH(C141,Customers!$A:$A,0)) | F141: Own trucks | G141: 46239 | H141: 46240 | I141: 46240 | J141: 12:10 | K141: On time | L141: 0 | N141: 37 | O141: 4773 | P141: 1 | Q141: =IF(OR(K141="On time",K141="Late",K141="Very late"),1,0)
A142: DN318347 | B142: SO62026 | C142: C11666 | D142: =INDEX(Customers!$B:$B,MATCH(C142,Customers!$A:$A,0)) | E142: =INDEX(Customers!$D:$D,MATCH(C142,Customers!$A:$A,0)) | F142: Own trucks | G142: 46239 | H142: 46240 | I142: 46241 | J142: 16:30 | K142: Late | L142: 1 | M142: Carrier delay | N142: 32 | O142: 2400 | P142: 1 | Q142: =IF(OR(K142="On time",K142="Late",K142="Very late"),1,0)
A143: DN318348 | B143: SO62027 | C143: C11718 | D143: =INDEX(Customers!$B:$B,MATCH(C143,Customers!$A:$A,0)) | E143: =INDEX(Customers!$D:$D,MATCH(C143,Customers!$A:$A,0)) | F143: Own trucks | G143: 46239 | H143: 46240 | I143: 46241 | J143: 10:30 | K143: Late | L143: 1 | M143: Carrier delay | N143: 9 | O143: 1017 | P143: 1 | Q143: =IF(OR(K143="On time",K143="Late",K143="Very late"),1,0)
A144: DN318349 | B144: SO62028 | C144: C11866 | D144: =INDEX(Customers!$B:$B,MATCH(C144,Customers!$A:$A,0)) | E144: =INDEX(Customers!$D:$D,MATCH(C144,Customers!$A:$A,0)) | F144: Carrier A | G144: 46239 | H144: 46240 | I144: 46240 | J144: 08:00 | K144: On time | L144: 0 | N144: 23 | O144: 3197 | P144: 1 | Q144: =IF(OR(K144="On time",K144="Late",K144="Very late"),1,0)
A145: DN318350 | B145: SO62029 | C145: C11950 | D145: =INDEX(Customers!$B:$B,MATCH(C145,Customers!$A:$A,0)) | E145: =INDEX(Customers!$D:$D,MATCH(C145,Customers!$A:$A,0)) | F145: Carrier A | G145: 46239 | H145: 46240 | I145: 46240 | J145: 10:40 | K145: On time | L145: 0 | N145: 33 | O145: 3234 | P145: 1 | Q145: =IF(OR(K145="On time",K145="Late",K145="Very late"),1,0)
A146: DN318351 | B146: SO62030 | C146: C11971 | D146: =INDEX(Customers!$B:$B,MATCH(C146,Customers!$A:$A,0)) | E146: =INDEX(Customers!$D:$D,MATCH(C146,Customers!$A:$A,0)) | F146: Own trucks | G146: 46239 | H146: 46240 | I146: 46240 | J146: 09:30 | K146: On time | L146: 0 | N146: 31 | O146: 2077 | P146: 1 | Q146: =IF(OR(K146="On time",K146="Late",K146="Very late"),1,0)
A147: DN318352 | B147: SO62032 | C147: C11982 | D147: =INDEX(Customers!$B:$B,MATCH(C147,Customers!$A:$A,0)) | E147: =INDEX(Customers!$D:$D,MATCH(C147,Customers!$A:$A,0)) | F147: Own trucks | G147: 46239 | H147: 46240 | I147: 46240 | J147: 09:00 | K147: On time | L147: 0 | N147: 3 | O147: 342 | P147: 1 | Q147: =IF(OR(K147="On time",K147="Late",K147="Very late"),1,0)
A148: DN318353 | B148: SO62033 | C148: C12103 | D148: =INDEX(Customers!$B:$B,MATCH(C148,Customers!$A:$A,0)) | E148: =INDEX(Customers!$D:$D,MATCH(C148,Customers!$A:$A,0)) | F148: Own trucks | G148: 46239 | H148: 46240 | I148: 46240 | J148: 14:20 | K148: On time | L148: 0 | N148: 8 | O148: 488 | P148: 1 | Q148: =IF(OR(K148="On time",K148="Late",K148="Very late"),1,0)
A149: DN318354 | B149: SO62034 | C149: C12183 | D149: =INDEX(Customers!$B:$B,MATCH(C149,Customers!$A:$A,0)) | E149: =INDEX(Customers!$D:$D,MATCH(C149,Customers!$A:$A,0)) | F149: Carrier B | G149: 46239 | H149: 46240 | I149: 46240 | J149: 15:10 | K149: On time | L149: 0 | N149: 29 | O149: 1972 | P149: 1 | Q149: =IF(OR(K149="On time",K149="Late",K149="Very late"),1,0)
A150: DN318355 | B150: SO62036 | C150: C12213 | D150: =INDEX(Customers!$B:$B,MATCH(C150,Customers!$A:$A,0)) | E150: =INDEX(Customers!$D:$D,MATCH(C150,Customers!$A:$A,0)) | F150: Carrier B | G150: 46239 | H150: 46240 | I150: 46240 | J150: 16:40 | K150: On time | L150: 0 | N150: 21 | O150: 1848 | P150: 1 | Q150: =IF(OR(K150="On time",K150="Late",K150="Very late"),1,0)
A151: DN318356 | B151: SO62038 | C151: C12239 | D151: =INDEX(Customers!$B:$B,MATCH(C151,Customers!$A:$A,0)) | E151: =INDEX(Customers!$D:$D,MATCH(C151,Customers!$A:$A,0)) | F151: Carrier B | G151: 46239 | H151: 46240 | I151: 46240 | J151: 10:20 | K151: On time | L151: 0 | N151: 6 | O151: 642 | P151: 1 | Q151: =IF(OR(K151="On time",K151="Late",K151="Very late"),1,0)
A152: DN318358 | B152: SO62040 | C152: C12262 | D152: =INDEX(Customers!$B:$B,MATCH(C152,Customers!$A:$A,0)) | E152: =INDEX(Customers!$D:$D,MATCH(C152,Customers!$A:$A,0)) | F152: Carrier B | G152: 46239 | H152: 46240 | I152: 46240 | J152: 11:20 | K152: On time | L152: 0 | N152: 29 | O152: 3857 | P152: 1 | Q152: =IF(OR(K152="On time",K152="Late",K152="Very late"),1,0)
A153: DN318359 | B153: SO62042 | C153: C12305 | D153: =INDEX(Customers!$B:$B,MATCH(C153,Customers!$A:$A,0)) | E153: =INDEX(Customers!$D:$D,MATCH(C153,Customers!$A:$A,0)) | F153: Carrier B | G153: 46239 | H153: 46240 | I153: 46240 | J153: 16:40 | K153: On time | L153: 0 | N153: 13 | O153: 1586 | P153: 1 | Q153: =IF(OR(K153="On time",K153="Late",K153="Very late"),1,0)
A154: DN318360 | B154: SO62043 | C154: C12365 | D154: =INDEX(Customers!$B:$B,MATCH(C154,Customers!$A:$A,0)) | E154: =INDEX(Customers!$D:$D,MATCH(C154,Customers!$A:$A,0)) | F154: Carrier B | G154: 46239 | H154: 46240 | I154: 46240 | J154: 15:30 | K154: On time | L154: 0 | N154: 20 | O154: 2140 | P154: 1 | Q154: =IF(OR(K154="On time",K154="Late",K154="Very late"),1,0)
A155: DN318361 | B155: SO62044 | C155: C12389 | D155: =INDEX(Customers!$B:$B,MATCH(C155,Customers!$A:$A,0)) | E155: =INDEX(Customers!$D:$D,MATCH(C155,Customers!$A:$A,0)) | F155: Carrier A | G155: 46239 | H155: 46240 | I155: 46240 | J155: 16:30 | K155: On time | L155: 0 | N155: 12 | O155: 1200 | P155: 1 | Q155: =IF(OR(K155="On time",K155="Late",K155="Very late"),1,0)
... A167: DN318374 | B167: SO62061 | C167: C10536 | D167: =INDEX(Customers!$B:$B,MATCH(C167,Customers!$A:$A,0)) | E167: =INDEX(Customers!$D:$D,MATCH(C167,Customers!$A:$A,0)) | F167: Own trucks | G167: 46240 | H167: 46241 | I167: 46241 | J167: 16:30 | K167: On time | L167: 0 | N167: 32 | O167: 3552 | P167: 1 | Q167: =IF(OR(K167="On time",K167="Late",K167="Very late"),1,0)
A168: DN318375 | B168: SO62062 | C168: C10551 | D168: =INDEX(Customers!$B:$B,MATCH(C168,Customers!$A:$A,0)) | E168: =INDEX(Customers!$D:$D,MATCH(C168,Customers!$A:$A,0)) | F168: Own trucks | G168: 46240 | H168: 46241 | I168: 46245 | J168: 13:10 | K168: Very late | L168: 2 | M168: Stock not ready | N168: 19 | O168: 2166 | P168: 1 | Q168: =IF(OR(K168="On time",K168="Late",K168="Very late"),1,0)
A169: DN318376 | B169: SO62063 | C169: C10589 | D169: =INDEX(Customers!$B:$B,MATCH(C169,Customers!$A:$A,0)) | E169: =INDEX(Customers!$D:$D,MATCH(C169,Customers!$A:$A,0)) | F169: Own trucks | G169: 46240 | H169: 46241 | I169: 46241 | J169: 11:00 | K169: On time | L169: 0 | N169: 8 | O169: 632 | P169: 1 | Q169: =IF(OR(K169="On time",K169="Late",K169="Very late"),1,0)
A170: DN318378 | B170: SO62064 | C170: C10622 | D170: =INDEX(Customers!$B:$B,MATCH(C170,Customers!$A:$A,0)) | E170: =INDEX(Customers!$D:$D,MATCH(C170,Customers!$A:$A,0)) | F170: Own trucks | G170: 46240 | H170: 46241 | I170: 46241 | J170: 08:00 | K170: On time | L170: 0 | N170: 25 | O170: 3200 | P170: 1 | Q170: =IF(OR(K170="On time",K170="Late",K170="Very late"),1,0)
A171: DN318379 | B171: SO62065 | C171: C10648 | D171: =INDEX(Customers!$B:$B,MATCH(C171,Customers!$A:$A,0)) | E171: =INDEX(Customers!$D:$D,MATCH(C171,Customers!$A:$A,0)) | F171: Own trucks | G171: 46240 | H171: 46241 | I171: 46241 | J171: 12:20 | K171: On time | L171: 0 | N171: 7 | O171: 651 | P171: 1 | Q171: =IF(OR(K171="On time",K171="Late",K171="Very late"),1,0)
A172: DN318380 | B172: SO62066 | C172: C10676 | D172: =INDEX(Customers!$B:$B,MATCH(C172,Customers!$A:$A,0)) | E172: =INDEX(Customers!$D:$D,MATCH(C172,Customers!$A:$A,0)) | F172: Own trucks | G172: 46240 | H172: 46241 | I172: 46241 | J172: 10:30 | K172: On time | L172: 0 | N172: 37 | O172: 3663 | P172: 1 | Q172: =IF(OR(K172="On time",K172="Late",K172="Very late"),1,0)
A173: DN318381 | B173: SO62067 | C173: C10689 | D173: =INDEX(Customers!$B:$B,MATCH(C173,Customers!$A:$A,0)) | E173: =INDEX(Customers!$D:$D,MATCH(C173,Customers!$A:$A,0)) | F173: Own trucks | G173: 46240 | H173: 46241 | I173: 46241 | J173: 11:50 | K173: On time | L173: 0 | N173: 9 | O173: 936 | P173: 1 | Q173: =IF(OR(K173="On time",K173="Late",K173="Very late"),1,0)
A174: DN318382 | B174: SO62068 | C174: C10796 | D174: =INDEX(Customers!$B:$B,MATCH(C174,Customers!$A:$A,0)) | E174: =INDEX(Customers!$D:$D,MATCH(C174,Customers!$A:$A,0)) | F174: Own trucks | G174: 46240 | H174: 46241 | I174: 46241 | J174: 09:20 | K174: On time | L174: 0 | N174: 32 | O174: 2016 | P174: 1 | Q174: =IF(OR(K174="On time",K174="Late",K174="Very late"),1,0)
A175: DN318383 | B175: SO62070 | C175: C10847 | D175: =INDEX(Customers!$B:$B,MATCH(C175,Customers!$A:$A,0)) | E175: =INDEX(Customers!$D:$D,MATCH(C175,Customers!$A:$A,0)) | F175: Own trucks | G175: 46240 | H175: 46241 | I175: 46241 | J175: 11:40 | K175: On time | L175: 0 | N175: 5 | O175: 630 | P175: 1 | Q175: =IF(OR(K175="On time",K175="Late",K175="Very late"),1,0)
A176: DN318384 | B176: SO62071 | C176: C10982 | D176: =INDEX(Customers!$B:$B,MATCH(C176,Customers!$A:$A,0)) | E176: =INDEX(Customers!$D:$D,MATCH(C176,Customers!$A:$A,0)) | F176: Own trucks | G176: 46240 | H176: 46241 | I176: 46241 | J176: 07:20 | K176: On time | L176: 0 | N176: 11 | O176: 979 | P176: 1 | Q176: =IF(OR(K176="On time",K176="Late",K176="Very late"),1,0)
A177: DN318385 | B177: SO62072 | C177: C11107 | D177: =INDEX(Customers!$B:$B,MATCH(C177,Customers!$A:$A,0)) | E177: =INDEX(Customers!$D:$D,MATCH(C177,Customers!$A:$A,0)) | F177: Own trucks | G177: 46240 | H177: 46241 | I177: 46241 | J177: 10:20 | K177: On time | L177: 0 | N177: 9 | O177: 792 | P177: 1 | Q177: =IF(OR(K177="On time",K177="Late",K177="Very late"),1,0)
A178: DN318386 | B178: SO62073 | C178: C11186 | D178: =INDEX(Customers!$B:$B,MATCH(C178,Customers!$A:$A,0)) | E178: =INDEX(Customers!$D:$D,MATCH(C178,Customers!$A:$A,0)) | F178: Own trucks | G178: 46240 | H178: 46241 | I178: 46241 | J178: 11:10 | K178: On time | L178: 0 | N178: 5 | O178: 315 | P178: 1 | Q178: =IF(OR(K178="On time",K178="Late",K178="Very late"),1,0)
A179: DN318387 | B179: SO62075 | C179: C11247 | D179: =INDEX(Customers!$B:$B,MATCH(C179,Customers!$A:$A,0)) | E179: =INDEX(Customers!$D:$D,MATCH(C179,Customers!$A:$A,0)) | F179: Own trucks | G179: 46240 | H179: 46241 | I179: 46241 | J179: 10:40 | K179: On time | L179: 0 | N179: 2 | O179: 116 | P179: 1 | Q179: =IF(OR(K179="On time",K179="Late",K179="Very late"),1,0)
A180: DN318388 | B180: SO62077 | C180: C11264 | D180: =INDEX(Customers!$B:$B,MATCH(C180,Customers!$A:$A,0)) | E180: =INDEX(Customers!$D:$D,MATCH(C180,Customers!$A:$A,0)) | F180: Own trucks | G180: 46240 | H180: 46241 | I180: 46241 | J180: 12:00 | K180: On time | L180: 0 | N180: 18 | O180: 2124 | P180: 1 | Q180: =IF(OR(K180="On time",K180="Late",K180="Very late"),1,0)
... A198: DN318406 | B198: SO62101 | C198: C12420 | D198: =INDEX(Customers!$B:$B,MATCH(C198,Customers!$A:$A,0)) | E198: =INDEX(Customers!$D:$D,MATCH(C198,Customers!$A:$A,0)) | F198: Carrier A | G198: 46240 | H198: 46241 | I198: 46241 | J198: 16:20 | K198: On time | L198: 0 | N198: 27 | O198: 3402 | P198: 1 | Q198: =IF(OR(K198="On time",K198="Late",K198="Very late"),1,0)
A199: DN318407 | B199: SO62102 | C199: C12527 | D199: =INDEX(Customers!$B:$B,MATCH(C199,Customers!$A:$A,0)) | E199: =INDEX(Customers!$D:$D,MATCH(C199,Customers!$A:$A,0)) | F199: Carrier A | G199: 46240 | H199: 46241 | I199: 46244 | J199: 09:00 | K199: Late | L199: 1 | M199: Customer closed (failed attempt) | N199: 3 | O199: 351 | P199: 1 | Q199: =IF(OR(K199="On time",K199="Late",K199="Very late"),1,0)
A200: DN318408 | B200: SO62103 | C200: C12543 | D200: =INDEX(Customers!$B:$B,MATCH(C200,Customers!$A:$A,0)) | E200: =INDEX(Customers!$D:$D,MATCH(C200,Customers!$A:$A,0)) | F200: Carrier B | G200: 46239 | H200: 46241 | I200: 46241 | J200: 14:00 | K200: On time | L200: 0 | N200: 14 | O200: 1834 | P200: 1 | Q200: =IF(OR(K200="On time",K200="Late",K200="Very late"),1,0)
A201: DN318409 | B201: SO62104 | C201: C12617 | D201: =INDEX(Customers!$B:$B,MATCH(C201,Customers!$A:$A,0)) | E201: =INDEX(Customers!$D:$D,MATCH(C201,Customers!$A:$A,0)) | F201: Carrier B | G201: 46239 | H201: 46241 | I201: 46241 | J201: 07:10 | K201: On time | L201: 0 | N201: 4 | O201: 376 | P201: 1 | Q201: =IF(OR(K201="On time",K201="Late",K201="Very late"),1,0)
A202: DN318410 | B202: SO62106 | C202: C12639 | D202: =INDEX(Customers!$B:$B,MATCH(C202,Customers!$A:$A,0)) | E202: =INDEX(Customers!$D:$D,MATCH(C202,Customers!$A:$A,0)) | F202: Carrier B | G202: 46239 | H202: 46241 | I202: 46241 | J202: 08:30 | K202: On time | L202: 0 | N202: 27 | O202: 1728 | P202: 1 | Q202: =IF(OR(K202="On time",K202="Late",K202="Very late"),1,0)
A203: DN318411 | B203: SO62107 | C203: C12675 | D203: =INDEX(Customers!$B:$B,MATCH(C203,Customers!$A:$A,0)) | E203: =INDEX(Customers!$D:$D,MATCH(C203,Customers!$A:$A,0)) | F203: Carrier B | G203: 46239 | H203: 46241 | I203: 46241 | J203: 08:00 | K203: On time | L203: 0 | N203: 2 | O203: 156 | P203: 0 | Q203: =IF(OR(K203="On time",K203="Late",K203="Very late"),1,0)
A204: DN318412 | B204: SO62108 | C204: C10322 | D204: =INDEX(Customers!$B:$B,MATCH(C204,Customers!$A:$A,0)) | E204: =INDEX(Customers!$D:$D,MATCH(C204,Customers!$A:$A,0)) | F204: Same-day courier | G204: 46241 | H204: 46244 | I204: 46244 | J204: 10:00 | K204: On time | L204: 0 | N204: 2 | O204: 188 | P204: 1 | Q204: =IF(OR(K204="On time",K204="Late",K204="Very late"),1,0)
A205: DN318413 | B205: SO62109 | C205: C10343 | D205: =INDEX(Customers!$B:$B,MATCH(C205,Customers!$A:$A,0)) | E205: =INDEX(Customers!$D:$D,MATCH(C205,Customers!$A:$A,0)) | F205: Own trucks | G205: 46241 | H205: 46244 | I205: 46245 | J205: 12:10 | K205: Late | L205: 1 | M205: Carrier delay | N205: 39 | O205: 3354 | P205: 1 | Q205: =IF(OR(K205="On time",K205="Late",K205="Very late"),1,0)
...

Sheet Deliveries in
A1: Every purchase-order delivery in, due 3 Aug to 9 Oct 2026
A2: Sample Distribution · Wacol DC · SAMPLE DATA (invented) · The Fourth Sheet · Made with Python (openpyxl)
A3: Data status (data retrieved 2pm, Tue 6 Oct 2026): today's deliveries are incomplete; 1–5 October is provisional (until October is locked); September and earlier are locked. Generated 22 Oct 2026, 7:51pm.
A5: Receipt | B5: PO | C5: Supplier ID | D5: Supplier | E5: Carrier | F5: PO date | G5: Due | H5: Arrived | I5: Status | J5: Working days late | K5: Late reason | L5: Lines | M5: Lines short | N5: PO value | O5: Completed | P5: In full
A6: GRN52115 | B6: PO18344 | C6: SUP2078 | D6: =INDEX(Suppliers!$B:$B,MATCH(C6,Suppliers!$A:$A,0)) | E6: Line-haul (road) | F6: 46225 | G6: 46237 | H6: 46237 | I6: On time | J6: 0 | L6: 30 | M6: 0 | N6: 24420 | O6: =IF(OR(I6="On time",I6="Late",I6="Very late"),1,0) | P6: =IF(AND(O6=1,M6=0),1,0)
A7: GRN52116 | B7: PO18345 | C7: SUP2208 | D7: =INDEX(Suppliers!$B:$B,MATCH(C7,Suppliers!$A:$A,0)) | E7: Supplier's own truck | F7: 46231 | G7: 46237 | H7: 46237 | I7: On time | J7: 0 | L7: 23 | M7: 0 | N7: 16008 | O7: =IF(OR(I7="On time",I7="Late",I7="Very late"),1,0) | P7: =IF(AND(O7=1,M7=0),1,0)
A8: GRN52117 | B8: PO18347 | C8: SUP2304 | D8: =INDEX(Suppliers!$B:$B,MATCH(C8,Suppliers!$A:$A,0)) | E8: Supplier's own truck | F8: 46227 | G8: 46237 | H8: 46237 | I8: On time | J8: 0 | L8: 4 | M8: 0 | N8: 1368 | O8: =IF(OR(I8="On time",I8="Late",I8="Very late"),1,0) | P8: =IF(AND(O8=1,M8=0),1,0)
A9: GRN52118 | B9: PO18349 | C9: SUP2422 | D9: =INDEX(Suppliers!$B:$B,MATCH(C9,Suppliers!$A:$A,0)) | E9: Line-haul (rail) | F9: 46219 | G9: 46237 | H9: 46237 | I9: On time | J9: 0 | L9: 4 | M9: 0 | N9: 3512 | O9: =IF(OR(I9="On time",I9="Late",I9="Very late"),1,0) | P9: =IF(AND(O9=1,M9=0),1,0)
A10: GRN52119 | B10: PO18350 | C10: SUP2461 | D10: =INDEX(Suppliers!$B:$B,MATCH(C10,Suppliers!$A:$A,0)) | E10: Line-haul (road) | F10: 46227 | G10: 46237 | H10: 46237 | I10: On time | J10: 0 | L10: 16 | M10: 0 | N10: 10032 | O10: =IF(OR(I10="On time",I10="Late",I10="Very late"),1,0) | P10: =IF(AND(O10=1,M10=0),1,0)
A11: GRN52120 | B11: PO18351 | C11: SUP2506 | D11: =INDEX(Suppliers!$B:$B,MATCH(C11,Suppliers!$A:$A,0)) | E11: Air freight | F11: 46227 | G11: 46237 | H11: 46237 | I11: On time | J11: 0 | L11: 12 | M11: 0 | N11: 8844 | O11: =IF(OR(I11="On time",I11="Late",I11="Very late"),1,0) | P11: =IF(AND(O11=1,M11=0),1,0)
A12: GRN52121 | B12: PO18352 | C12: SUP2078 | D12: =INDEX(Suppliers!$B:$B,MATCH(C12,Suppliers!$A:$A,0)) | E12: Line-haul (road) | F12: 46231 | G12: 46238 | H12: 46238 | I12: On time | J12: 0 | L12: 7 | M12: 0 | N12: 3724 | O12: =IF(OR(I12="On time",I12="Late",I12="Very late"),1,0) | P12: =IF(AND(O12=1,M12=0),1,0)
A13: GRN52122 | B13: PO18354 | C13: SUP2151 | D13: =INDEX(Suppliers!$B:$B,MATCH(C13,Suppliers!$A:$A,0)) | E13: Line-haul (road) | F13: 46225 | G13: 46238 | H13: 46238 | I13: On time | J13: 0 | L13: 6 | M13: 0 | N13: 4284 | O13: =IF(OR(I13="On time",I13="Late",I13="Very late"),1,0) | P13: =IF(AND(O13=1,M13=0),1,0)
A14: GRN52123 | B14: PO18356 | C14: SUP2189 | D14: =INDEX(Suppliers!$B:$B,MATCH(C14,Suppliers!$A:$A,0)) | E14: Container cartage | F14: 46231 | G14: 46238 | H14: 46238 | I14: On time | J14: 0 | L14: 11 | M14: 0 | N14: 9581 | O14: =IF(OR(I14="On time",I14="Late",I14="Very late"),1,0) | P14: =IF(AND(O14=1,M14=0),1,0)
A15: GRN52124 | B15: PO18357 | C15: SUP2304 | D15: =INDEX(Suppliers!$B:$B,MATCH(C15,Suppliers!$A:$A,0)) | E15: Supplier's own truck | F15: 46227 | G15: 46238 | H15: 46239 | I15: Late | J15: 1 | K15: Line-haul delay | L15: 16 | M15: 0 | N15: 6304 | O15: =IF(OR(I15="On time",I15="Late",I15="Very late"),1,0) | P15: =IF(AND(O15=1,M15=0),1,0)
A16: GRN52125 | B16: PO18358 | C16: SUP2461 | D16: =INDEX(Suppliers!$B:$B,MATCH(C16,Suppliers!$A:$A,0)) | E16: Line-haul (road) | F16: 46226 | G16: 46238 | H16: 46238 | I16: On time | J16: 0 | L16: 15 | M16: 0 | N16: 9780 | O16: =IF(OR(I16="On time",I16="Late",I16="Very late"),1,0) | P16: =IF(AND(O16=1,M16=0),1,0)
A17: GRN52126 | B17: PO18359 | C17: SUP2078 | D17: =INDEX(Suppliers!$B:$B,MATCH(C17,Suppliers!$A:$A,0)) | E17: Line-haul (road) | F17: 46233 | G17: 46239 | H17: 46244 | I17: Very late | J17: 3 | K17: Line-haul delay | L17: 7 | M17: 0 | N17: 3738 | O17: =IF(OR(I17="On time",I17="Late",I17="Very late"),1,0) | P17: =IF(AND(O17=1,M17=0),1,0)
A18: GRN52127 | B18: PO18361 | C18: SUP2189 | D18: =INDEX(Suppliers!$B:$B,MATCH(C18,Suppliers!$A:$A,0)) | E18: Container cartage | F18: 46231 | G18: 46239 | H18: 46239 | I18: On time | J18: 0 | L18: 28 | M18: 0 | N18: 12292 | O18: =IF(OR(I18="On time",I18="Late",I18="Very late"),1,0) | P18: =IF(AND(O18=1,M18=0),1,0)
A19: GRN52128 | B19: PO18363 | C19: SUP2208 | D19: =INDEX(Suppliers!$B:$B,MATCH(C19,Suppliers!$A:$A,0)) | E19: Supplier's own truck | F19: 46231 | G19: 46239 | H19: 46240 | I19: Late | J19: 1 | K19: Supplier stock shortage | L19: 6 | M19: 0 | N19: 2832 | O19: =IF(OR(I19="On time",I19="Late",I19="Very late"),1,0) | P19: =IF(AND(O19=1,M19=0),1,0)
A20: GRN52129 | B20: PO18365 | C20: SUP2336 | D20: =INDEX(Suppliers!$B:$B,MATCH(C20,Suppliers!$A:$A,0)) | E20: Line-haul (road) | F20: 46230 | G20: 46239 | H20: 46239 | I20: On time | J20: 0 | L20: 11 | M20: 0 | N20: 7007 | O20: =IF(OR(I20="On time",I20="Late",I20="Very late"),1,0) | P20: =IF(AND(O20=1,M20=0),1,0)
A21: GRN52130 | B21: PO18367 | C21: SUP2506 | D21: =INDEX(Suppliers!$B:$B,MATCH(C21,Suppliers!$A:$A,0)) | E21: Air freight | F21: 46232 | G21: 46239 | H21: 46239 | I21: On time | J21: 0 | L21: 10 | M21: 0 | N21: 2000 | O21: =IF(OR(I21="On time",I21="Late",I21="Very late"),1,0) | P21: =IF(AND(O21=1,M21=0),1,0)
A22: GRN52131 | B22: PO18368 | C22: SUP2208 | D22: =INDEX(Suppliers!$B:$B,MATCH(C22,Suppliers!$A:$A,0)) | E22: Supplier's own truck | F22: 46237 | G22: 46240 | H22: 46240 | I22: On time | J22: 0 | L22: 6 | M22: 0 | N22: 4884 | O22: =IF(OR(I22="On time",I22="Late",I22="Very late"),1,0) | P22: =IF(AND(O22=1,M22=0),1,0)
A23: GRN52132 | B23: PO18369 | C23: SUP2304 | D23: =INDEX(Suppliers!$B:$B,MATCH(C23,Suppliers!$A:$A,0)) | E23: Supplier's own truck | F23: 46232 | G23: 46240 | H23: 46240 | I23: On time | J23: 0 | L23: 19 | M23: 0 | N23: 5092 | O23: =IF(OR(I23="On time",I23="Late",I23="Very late"),1,0) | P23: =IF(AND(O23=1,M23=0),1,0)
A24: GRN52133 | B24: PO18370 | C24: SUP2422 | D24: =INDEX(Suppliers!$B:$B,MATCH(C24,Suppliers!$A:$A,0)) | E24: Line-haul (rail) | F24: 46226 | G24: 46240 | H24: 46240 | I24: On time | J24: 0 | L24: 3 | M24: 0 | N24: 2274 | O24: =IF(OR(I24="On time",I24="Late",I24="Very late"),1,0) | P24: =IF(AND(O24=1,M24=0),1,0)
A25: GRN52134 | B25: PO18371 | C25: SUP2542 | D25: =INDEX(Suppliers!$B:$B,MATCH(C25,Suppliers!$A:$A,0)) | E25: Supplier's own truck | F25: 46232 | G25: 46240 | H25: 46240 | I25: On time | J25: 0 | L25: 12 | M25: 0 | N25: 2760 | O25: =IF(OR(I25="On time",I25="Late",I25="Very late"),1,0) | P25: =IF(AND(O25=1,M25=0),1,0)
A26: GRN52135 | B26: PO18372 | C26: SUP2189 | D26: =INDEX(Suppliers!$B:$B,MATCH(C26,Suppliers!$A:$A,0)) | E26: Container cartage | F26: 46234 | G26: 46241 | H26: 46241 | I26: On time | J26: 0 | L26: 23 | M26: 0 | N26: 19113 | O26: =IF(OR(I26="On time",I26="Late",I26="Very late"),1,0) | P26: =IF(AND(O26=1,M26=0),1,0)
A27: GRN52136 | B27: PO18373 | C27: SUP2219 | D27: =INDEX(Suppliers!$B:$B,MATCH(C27,Suppliers!$A:$A,0)) | E27: Supplier's own truck | F27: 46237 | G27: 46241 | H27: 46241 | I27: On time | J27: 0 | L27: 18 | M27: 0 | N27: 8244 | O27: =IF(OR(I27="On time",I27="Late",I27="Very late"),1,0) | P27: =IF(AND(O27=1,M27=0),1,0)
A28: GRN52137 | B28: PO18375 | C28: SUP2304 | D28: =INDEX(Suppliers!$B:$B,MATCH(C28,Suppliers!$A:$A,0)) | E28: Supplier's own truck | F28: 46238 | G28: 46241 | H28: 46241 | I28: On time | J28: 0 | L28: 3 | M28: 0 | N28: 1650 | O28: =IF(OR(I28="On time",I28="Late",I28="Very late"),1,0) | P28: =IF(AND(O28=1,M28=0),1,0)
A29: GRN52138 | B29: PO18377 | C29: SUP2480 | D29: =INDEX(Suppliers!$B:$B,MATCH(C29,Suppliers!$A:$A,0)) | E29: Supplier's own truck | F29: 46232 | G29: 46241 | H29: 46241 | I29: On time | J29: 0 | L29: 22 | M29: 0 | N29: 15774 | O29: =IF(OR(I29="On time",I29="Late",I29="Very late"),1,0) | P29: =IF(AND(O29=1,M29=0),1,0)
A30: GRN52139 | B30: PO18378 | C30: SUP2506 | D30: =INDEX(Suppliers!$B:$B,MATCH(C30,Suppliers!$A:$A,0)) | E30: Air freight | F30: 46234 | G30: 46241 | H30: 46241 | I30: On time | J30: 0 | L30: 29 | M30: 0 | N30: 18821 | O30: =IF(OR(I30="On time",I30="Late",I30="Very late"),1,0) | P30: =IF(AND(O30=1,M30=0),1,0)
A31: GRN52140 | B31: PO18379 | C31: SUP2542 | D31: =INDEX(Suppliers!$B:$B,MATCH(C31,Suppliers!$A:$A,0)) | E31: Supplier's own truck | F31: 46237 | G31: 46241 | H31: 46241 | I31: On time | J31: 0 | L31: 25 | M31: 0 | N31: 17675 | O31: =IF(OR(I31="On time",I31="Late",I31="Very late"),1,0) | P31: =IF(AND(O31=1,M31=0),1,0)
... A35: GRN52145 | B35: PO18384 | C35: SUP2208 | D35: =INDEX(Suppliers!$B:$B,MATCH(C35,Suppliers!$A:$A,0)) | E35: Supplier's own truck | F35: 46233 | G35: 46244 | H35: 46244 | I35: On time | J35: 0 | L35: 18 | M35: 0 | N35: 12042 | O35: =IF(OR(I35="On time",I35="Late",I35="Very late"),1,0) | P35: =IF(AND(O35=1,M35=0),1,0)
A36: GRN52146 | B36: PO18385 | C36: SUP2304 | D36: =INDEX(Suppliers!$B:$B,MATCH(C36,Suppliers!$A:$A,0)) | E36: Supplier's own truck | F36: 46234 | G36: 46244 | H36: 46245 | I36: Late | J36: 1 | K36: Booking slot missed | L36: 24 | M36: 0 | N36: 11472 | O36: =IF(OR(I36="On time",I36="Late",I36="Very late"),1,0) | P36: =IF(AND(O36=1,M36=0),1,0)
A37: GRN52147 | B37: PO18386 | C37: SUP2422 | D37: =INDEX(Suppliers!$B:$B,MATCH(C37,Suppliers!$A:$A,0)) | E37: Line-haul (rail) | F37: 46226 | G37: 46244 | H37: 46244 | I37: On time | J37: 0 | L37: 5 | M37: 0 | N37: 2595 | O37: =IF(OR(I37="On time",I37="Late",I37="Very late"),1,0) | P37: =IF(AND(O37=1,M37=0),1,0)
A38: GRN52148 | B38: PO18387 | C38: SUP2480 | D38: =INDEX(Suppliers!$B:$B,MATCH(C38,Suppliers!$A:$A,0)) | E38: Supplier's own truck | F38: 46237 | G38: 46244 | H38: 46244 | I38: On time | J38: 0 | L38: 5 | M38: 0 | N38: 3275 | O38: =IF(OR(I38="On time",I38="Late",I38="Very late"),1,0) | P38: =IF(AND(O38=1,M38=0),1,0)
A39: GRN52149 | B39: PO18388 | C39: SUP2189 | D39: =INDEX(Suppliers!$B:$B,MATCH(C39,Suppliers!$A:$A,0)) | E39: Container cartage | F39: 46238 | G39: 46245 | H39: 46245 | I39: On time | J39: 0 | L39: 15 | M39: 0 | N39: 10710 | O39: =IF(OR(I39="On time",I39="Late",I39="Very late"),1,0) | P39: =IF(AND(O39=1,M39=0),1,0)
A40: GRN52150 | B40: PO18389 | C40: SUP2208 | D40: =INDEX(Suppliers!$B:$B,MATCH(C40,Suppliers!$A:$A,0)) | E40: Supplier's own truck | F40: 46234 | G40: 46245 | H40: 46245 | I40: On time | J40: 0 | L40: 4 | M40: 0 | N40: 2780 | O40: =IF(OR(I40="On time",I40="Late",I40="Very late"),1,0) | P40: =IF(AND(O40=1,M40=0),1,0)
A41: GRN52151 | B41: PO18390 | C41: SUP2304 | D41: =INDEX(Suppliers!$B:$B,MATCH(C41,Suppliers!$A:$A,0)) | E41: Supplier's own truck | F41: 46239 | G41: 46245 | H41: 46245 | I41: On time | J41: 0 | L41: 19 | M41: 3 | N41: 6593 | O41: =IF(OR(I41="On time",I41="Late",I41="Very late"),1,0) | P41: =IF(AND(O41=1,M41=0),1,0)
A42: GRN52152 | B42: PO18391 | C42: SUP2422 | D42: =INDEX(Suppliers!$B:$B,MATCH(C42,Suppliers!$A:$A,0)) | E42: Line-haul (rail) | F42: 46230 | G42: 46245 | H42: 46245 | I42: On time | J42: 0 | L42: 8 | M42: 0 | N42: 2496 | O42: =IF(OR(I42="On time",I42="Late",I42="Very late"),1,0) | P42: =IF(AND(O42=1,M42=0),1,0)
A43: GRN52153 | B43: PO18392 | C43: SUP2438 | D43: =INDEX(Suppliers!$B:$B,MATCH(C43,Suppliers!$A:$A,0)) | E43: Line-haul (road) | F43: 46239 | G43: 46245 | H43: 46245 | I43: On time | J43: 0 | L43: 25 | M43: 0 | N43: 11575 | O43: =IF(OR(I43="On time",I43="Late",I43="Very late"),1,0) | P43: =IF(AND(O43=1,M43=0),1,0)
A44: GRN52154 | B44: PO18393 | C44: SUP2480 | D44: =INDEX(Suppliers!$B:$B,MATCH(C44,Suppliers!$A:$A,0)) | E44: Supplier's own truck | F44: 46239 | G44: 46245 | H44: 46245 | I44: On time | J44: 0 | L44: 18 | M44: 0 | N44: 8406 | O44: =IF(OR(I44="On time",I44="Late",I44="Very late"),1,0) | P44: =IF(AND(O44=1,M44=0),1,0)
A45: GRN52155 | B45: PO18395 | C45: SUP2506 | D45: =INDEX(Suppliers!$B:$B,MATCH(C45,Suppliers!$A:$A,0)) | E45: Air freight | F45: 46237 | G45: 46245 | H45: 46245 | I45: On time | J45: 0 | L45: 25 | M45: 0 | N45: 9150 | O45: =IF(OR(I45="On time",I45="Late",I45="Very late"),1,0) | P45: =IF(AND(O45=1,M45=0),1,0)
A46: GRN52156 | B46: PO18396 | C46: SUP2109 | D46: =INDEX(Suppliers!$B:$B,MATCH(C46,Suppliers!$A:$A,0)) | E46: Line-haul (road) | F46: 46238 | G46: 46247 | H46: 46247 | I46: On time | J46: 0 | L46: 29 | M46: 0 | N46: 21895 | O46: =IF(OR(I46="On time",I46="Late",I46="Very late"),1,0) | P46: =IF(AND(O46=1,M46=0),1,0)
A47: GRN52157 | B47: PO18397 | C47: SUP2189 | D47: =INDEX(Suppliers!$B:$B,MATCH(C47,Suppliers!$A:$A,0)) | E47: Container cartage | F47: 46240 | G47: 46247 | H47: 46247 | I47: On time | J47: 0 | L47: 13 | M47: 0 | N47: 10946 | O47: =IF(OR(I47="On time",I47="Late",I47="Very late"),1,0) | P47: =IF(AND(O47=1,M47=0),1,0)
A48: GRN52158 | B48: PO18399 | C48: SUP2208 | D48: =INDEX(Suppliers!$B:$B,MATCH(C48,Suppliers!$A:$A,0)) | E48: Supplier's own truck | F48: 46237 | G48: 46247 | H48: 46247 | I48: On time | J48: 0 | L48: 25 | M48: 0 | N48: 12400 | O48: =IF(OR(I48="On time",I48="Late",I48="Very late"),1,0) | P48: =IF(AND(O48=1,M48=0),1,0)
... A50: GRN52160 | B50: PO18401 | C50: SUP2304 | D50: =INDEX(Suppliers!$B:$B,MATCH(C50,Suppliers!$A:$A,0)) | E50: Supplier's own truck | F50: 46237 | G50: 46247 | H50: 46247 | I50: On time | J50: 0 | L50: 11 | M50: 0 | N50: 3806 | O50: =IF(OR(I50="On time",I50="Late",I50="Very late"),1,0) | P50: =IF(AND(O50=1,M50=0),1,0)
A51: GRN52161 | B51: PO18402 | C51: SUP2422 | D51: =INDEX(Suppliers!$B:$B,MATCH(C51,Suppliers!$A:$A,0)) | E51: Line-haul (rail) | F51: 46231 | G51: 46247 | H51: 46248 | I51: Late | J51: 1 | K51: Booking slot missed | L51: 6 | M51: 0 | N51: 1272 | O51: =IF(OR(I51="On time",I51="Late",I51="Very late"),1,0) | P51: =IF(AND(O51=1,M51=0),1,0)
A52: GRN52162 | B52: PO18404 | C52: SUP2480 | D52: =INDEX(Suppliers!$B:$B,MATCH(C52,Suppliers!$A:$A,0)) | E52: Supplier's own truck | F52: 46237 | G52: 46247 | H52: 46247 | I52: On time | J52: 0 | L52: 24 | M52: 0 | N52: 16440 | O52: =IF(OR(I52="On time",I52="Late",I52="Very late"),1,0) | P52: =IF(AND(O52=1,M52=0),1,0)
A53: GRN52163 | B53: PO18406 | C53: SUP2078 | D53: =INDEX(Suppliers!$B:$B,MATCH(C53,Suppliers!$A:$A,0)) | E53: Line-haul (road) | F53: 46241 | G53: 46248 | H53: 46248 | I53: On time | J53: 0 | L53: 25 | M53: 0 | N53: 22200 | O53: =IF(OR(I53="On time",I53="Late",I53="Very late"),1,0) | P53: =IF(AND(O53=1,M53=0),1,0)
A54: GRN52164 | B54: PO18407 | C54: SUP2219 | D54: =INDEX(Suppliers!$B:$B,MATCH(C54,Suppliers!$A:$A,0)) | E54: Supplier's own truck | F54: 46240 | G54: 46248 | H54: 46248 | I54: On time | J54: 0 | L54: 29 | M54: 0 | N54: 14094 | O54: =IF(OR(I54="On time",I54="Late",I54="Very late"),1,0) | P54: =IF(AND(O54=1,M54=0),1,0)
A55: GRN52165 | B55: PO18408 | C55: SUP2461 | D55: =INDEX(Suppliers!$B:$B,MATCH(C55,Suppliers!$A:$A,0)) | E55: Line-haul (road) | F55: 46239 | G55: 46248 | H55: 46248 | I55: On time | J55: 0 | L55: 29 | M55: 0 | N55: 20503 | O55: =IF(OR(I55="On time",I55="Late",I55="Very late"),1,0) | P55: =IF(AND(O55=1,M55=0),1,0)
A56: GRN52166 | B56: PO18409 | C56: SUP2506 | D56: =INDEX(Suppliers!$B:$B,MATCH(C56,Suppliers!$A:$A,0)) | E56: Air freight | F56: 46239 | G56: 46248 | H56: 46248 | I56: On time | J56: 0 | L56: 15 | M56: 0 | N56: 8220 | O56: =IF(OR(I56="On time",I56="Late",I56="Very late"),1,0) | P56: =IF(AND(O56=1,M56=0),1,0)
A57: GRN52167 | B57: PO18410 | C57: SUP2109 | D57: =INDEX(Suppliers!$B:$B,MATCH(C57,Suppliers!$A:$A,0)) | E57: Line-haul (road) | F57: 46239 | G57: 46251 | H57: 46251 | I57: On time | J57: 0 | L57: 8 | M57: 0 | N57: 2208 | O57: =IF(OR(I57="On time",I57="Late",I57="Very late"),1,0) | P57: =IF(AND(O57=1,M57=0),1,0)
A58: GRN52168 | B58: PO18411 | C58: SUP2219 | D58: =INDEX(Suppliers!$B:$B,MATCH(C58,Suppliers!$A:$A,0)) | E58: Supplier's own truck | F58: 46239 | G58: 46251 | H58: 46251 | I58: On time | J58: 0 | L58: 13 | M58: 0 | N58: 5226 | O58: =IF(OR(I58="On time",I58="Late",I58="Very late"),1,0) | P58: =IF(AND(O58=1,M58=0),1,0)
A59: GRN52169 | B59: PO18412 | C59: SUP2438 | D59: =INDEX(Suppliers!$B:$B,MATCH(C59,Suppliers!$A:$A,0)) | E59: Line-haul (road) | F59: 46244 | G59: 46251 | H59: 46251 | I59: On time | J59: 0 | L59: 27 | M59: 0 | N59: 17604 | O59: =IF(OR(I59="On time",I59="Late",I59="Very late"),1,0) | P59: =IF(AND(O59=1,M59=0),1,0)
A60: GRN52170 | B60: PO18414 | C60: SUP2480 | D60: =INDEX(Suppliers!$B:$B,MATCH(C60,Suppliers!$A:$A,0)) | E60: Supplier's own truck | F60: 46245 | G60: 46251 | H60: 46251 | I60: On time | J60: 0 | L60: 27 | M60: 0 | N60: 5346 | O60: =IF(OR(I60="On time",I60="Late",I60="Very late"),1,0) | P60: =IF(AND(O60=1,M60=0),1,0)
A61: GRN52171 | B61: PO18415 | C61: SUP2506 | D61: =INDEX(Suppliers!$B:$B,MATCH(C61,Suppliers!$A:$A,0)) | E61: Air freight | F61: 46241 | G61: 46251 | H61: 46251 | I61: On time | J61: 0 | L61: 25 | M61: 0 | N61: 10950 | O61: =IF(OR(I61="On time",I61="Late",I61="Very late"),1,0) | P61: =IF(AND(O61=1,M61=0),1,0)
A62: GRN52172 | B62: PO18417 | C62: SUP2542 | D62: =INDEX(Suppliers!$B:$B,MATCH(C62,Suppliers!$A:$A,0)) | E62: Supplier's own truck | F62: 46240 | G62: 46251 | H62: 46251 | I62: On time | J62: 0 | L62: 25 | M62: 2 | N62: 10350 | O62: =IF(OR(I62="On time",I62="Late",I62="Very late"),1,0) | P62: =IF(AND(O62=1,M62=0),1,0)
A63: GRN52173 | B63: PO18418 | C63: SUP2304 | D63: =INDEX(Suppliers!$B:$B,MATCH(C63,Suppliers!$A:$A,0)) | E63: Supplier's own truck | F63: 46240 | G63: 46252 | H63: 46252 | I63: On time | J63: 0 | L63: 16 | M63: 0 | N63: 14176 | O63: =IF(OR(I63="On time",I63="Late",I63="Very late"),1,0) | P63: =IF(AND(O63=1,M63=0),1,0)
... A86: GRN52196 | B86: PO18451 | C86: SUP2422 | D86: =INDEX(Suppliers!$B:$B,MATCH(C86,Suppliers!$A:$A,0)) | E86: Line-haul (rail) | F86: 46239 | G86: 46255 | H86: 46255 | I86: On time | J86: 0 | L86: 6 | M86: 0 | N86: 1758 | O86: =IF(OR(I86="On time",I86="Late",I86="Very late"),1,0) | P86: =IF(AND(O86=1,M86=0),1,0)
A87: GRN52197 | B87: PO18452 | C87: SUP2480 | D87: =INDEX(Suppliers!$B:$B,MATCH(C87,Suppliers!$A:$A,0)) | E87: Supplier's own truck | F87: 46247 | G87: 46255 | H87: 46258 | I87: Late | J87: 1 | K87: Supplier stock shortage | L87: 21 | M87: 0 | N87: 18690 | O87: =IF(OR(I87="On time",I87="Late",I87="Very late"),1,0) | P87: =IF(AND(O87=1,M87=0),1,0)
A88: GRN52198 | B88: PO18453 | C88: SUP2506 | D88: =INDEX(Suppliers!$B:$B,MATCH(C88,Suppliers!$A:$A,0)) | E88: Air freight | F88: 46247 | G88: 46255 | H88: 46255 | I88: On time | J88: 0 | L88: 24 | M88: 0 | N88: 18576 | O88: =IF(OR(I88="On time",I88="Late",I88="Very late"),1,0) | P88: =IF(AND(O88=1,M88=0),1,0)
A89: GRN52199 | B89: PO18454 | C89: SUP2542 | D89: =INDEX(Suppliers!$B:$B,MATCH(C89,Suppliers!$A:$A,0)) | E89: Supplier's own truck | F89: 46245 | G89: 46255 | H89: 46255 | I89: On time | J89: 0 | L89: 25 | M89: 0 | N89: 10375 | O89: =IF(OR(I89="On time",I89="Late",I89="Very late"),1,0) | P89: =IF(AND(O89=1,M89=0),1,0)
A90: GRN52200 | B90: PO18455 | C90: SUP2078 | D90: =INDEX(Suppliers!$B:$B,MATCH(C90,Suppliers!$A:$A,0)) | E90: Line-haul (road) | F90: 46245 | G90: 46258 | H90: 46258 | I90: On time | J90: 0 | L90: 13 | M90: 0 | N90: 9386 | O90: =IF(OR(I90="On time",I90="Late",I90="Very late"),1,0) | P90: =IF(AND(O90=1,M90=0),1,0)
A91: GRN52201 | B91: PO18456 | C91: SUP2189 | D91: =INDEX(Suppliers!$B:$B,MATCH(C91,Suppliers!$A:$A,0)) | E91: Container cartage | F91: 46253 | G91: 46258 | H91: 46258 | I91: On time | J91: 0 | L91: 26 | M91: 0 | N91: 20124 | O91: =IF(OR(I91="On time",I91="Late",I91="Very late"),1,0) | P91: =IF(AND(O91=1,M91=0),1,0)
A92: GRN52202 | B92: PO18458 | C92: SUP2208 | D92: =INDEX(Suppliers!$B:$B,MATCH(C92,Suppliers!$A:$A,0)) | E92: Supplier's own truck | F92: 46253 | G92: 46258 | H92: 46258 | I92: On time | J92: 0 | L92: 24 | M92: 0 | N92: 13536 | O92: =IF(OR(I92="On time",I92="Late",I92="Very late"),1,0) | P92: =IF(AND(O92=1,M92=0),1,0)
A93: GRN52203 | B93: PO18459 | C93: SUP2304 | D93: =INDEX(Suppliers!$B:$B,MATCH(C93,Suppliers!$A:$A,0)) | E93: Supplier's own truck | F93: 46252 | G93: 46258 | H93: 46258 | I93: On time | J93: 0 | L93: 27 | M93: 0 | N93: 15579 | O93: =IF(OR(I93="On time",I93="Late",I93="Very late"),1,0) | P93: =IF(AND(O93=1,M93=0),1,0)
A94: GRN52204 | B94: PO18461 | C94: SUP2461 | D94: =INDEX(Suppliers!$B:$B,MATCH(C94,Suppliers!$A:$A,0)) | E94: Line-haul (road) | F94: 46244 | G94: 46258 | H94: 46258 | I94: On time | J94: 0 | L94: 11 | M94: 0 | N94: 3168 | O94: =IF(OR(I94="On time",I94="Late",I94="Very late"),1,0) | P94: =IF(AND(O94=1,M94=0),1,0)
A95: GRN52205 | B95: PO18462 | C95: SUP2480 | D95: =INDEX(Suppliers!$B:$B,MATCH(C95,Suppliers!$A:$A,0)) | E95: Supplier's own truck | F95: 46253 | G95: 46258 | H95: 46258 | I95: On time | J95: 0 | L95: 10 | M95: 0 | N95: 4720 | O95: =IF(OR(I95="On time",I95="Late",I95="Very late"),1,0) | P95: =IF(AND(O95=1,M95=0),1,0)
A96: GRN52206 | B96: PO18464 | C96: SUP2506 | D96: =INDEX(Suppliers!$B:$B,MATCH(C96,Suppliers!$A:$A,0)) | E96: Air freight | F96: 46247 | G96: 46258 | H96: 46258 | I96: On time | J96: 0 | L96: 9 | M96: 0 | N96: 3195 | O96: =IF(OR(I96="On time",I96="Late",I96="Very late"),1,0) | P96: =IF(AND(O96=1,M96=0),1,0)
A97: GRN52207 | B97: PO18465 | C97: SUP2542 | D97: =INDEX(Suppliers!$B:$B,MATCH(C97,Suppliers!$A:$A,0)) | E97: Supplier's own truck | F97: 46247 | G97: 46258 | H97: 46258 | I97: On time | J97: 0 | L97: 20 | M97: 0 | N97: 16020 | O97: =IF(OR(I97="On time",I97="Late",I97="Very late"),1,0) | P97: =IF(AND(O97=1,M97=0),1,0)
A98: GRN52208 | B98: PO18467 | C98: SUP2189 | D98: =INDEX(Suppliers!$B:$B,MATCH(C98,Suppliers!$A:$A,0)) | E98: Container cartage | F98: 46248 | G98: 46259 | H98: 46259 | I98: On time | J98: 0 | L98: 23 | M98: 0 | N98: 8326 | O98: =IF(OR(I98="On time",I98="Late",I98="Very late"),1,0) | P98: =IF(AND(O98=1,M98=0),1,0)
A99: GRN52209 | B99: PO18468 | C99: SUP2304 | D99: =INDEX(Suppliers!$B:$B,MATCH(C99,Suppliers!$A:$A,0)) | E99: Supplier's own truck | F99: 46253 | G99: 46259 | H99: 46259 | I99: On time | J99: 0 | L99: 13 | M99: 0 | N99: 4056 | O99: =IF(OR(I99="On time",I99="Late",I99="Very late"),1,0) | P99: =IF(AND(O99=1,M99=0),1,0)
... A114: GRN52224 | B114: PO18487 | C114: SUP2506 | D114: =INDEX(Suppliers!$B:$B,MATCH(C114,Suppliers!$A:$A,0)) | E114: Air freight | F114: 46254 | G114: 46261 | H114: 46261 | I114: On time | J114: 0 | L114: 27 | M114: 0 | N114: 17442 | O114: =IF(OR(I114="On time",I114="Late",I114="Very late"),1,0) | P114: =IF(AND(O114=1,M114=0),1,0)
A115: GRN52226 | B115: PO18488 | C115: SUP2542 | D115: =INDEX(Suppliers!$B:$B,MATCH(C115,Suppliers!$A:$A,0)) | E115: Supplier's own truck | F115: 46255 | G115: 46261 | H115: 46265 | I115: Very late | J115: 2 | K115: Port / customs hold | L115: 23 | M115: 3 | N115: 12604 | O115: =IF(OR(I115="On time",I115="Late",I115="Very late"),1,0) | P115: =IF(AND(O115=1,M115=0),1,0)
A116: GRN52227 | B116: PO18489 | C116: SUP2109 | D116: =INDEX(Suppliers!$B:$B,MATCH(C116,Suppliers!$A:$A,0)) | E116: Line-haul (road) | F116: 46251 | G116: 46262 | H116: 46262 | I116: On time | J116: 0 | L116: 23 | M116: 0 | N116: 20355 | O116: =IF(OR(I116="On time",I116="Late",I116="Very late"),1,0) | P116: =IF(AND(O116=1,M116=0),1,0)
A117: GRN52228 | B117: PO18490 | C117: SUP2151 | D117: =INDEX(Suppliers!$B:$B,MATCH(C117,Suppliers!$A:$A,0)) | E117: Line-haul (road) | F117: 46255 | G117: 46262 | H117: 46262 | I117: On time | J117: 0 | L117: 13 | M117: 0 | N117: 7826 | O117: =IF(OR(I117="On time",I117="Late",I117="Very late"),1,0) | P117: =IF(AND(O117=1,M117=0),1,0)
A118: GRN52229 | B118: PO18491 | C118: SUP2336 | D118: =INDEX(Suppliers!$B:$B,MATCH(C118,Suppliers!$A:$A,0)) | E118: Line-haul (road) | F118: 46248 | G118: 46262 | H118: 46262 | I118: On time | J118: 0 | L118: 24 | M118: 0 | N118: 11040 | O118: =IF(OR(I118="On time",I118="Late",I118="Very late"),1,0) | P118: =IF(AND(O118=1,M118=0),1,0)
A119: GRN52230 | B119: PO18493 | C119: SUP2480 | D119: =INDEX(Suppliers!$B:$B,MATCH(C119,Suppliers!$A:$A,0)) | E119: Supplier's own truck | F119: 46255 | G119: 46262 | H119: 46262 | I119: On time | J119: 0 | L119: 25 | M119: 0 | N119: 15050 | O119: =IF(OR(I119="On time",I119="Late",I119="Very late"),1,0) | P119: =IF(AND(O119=1,M119=0),1,0)
A120: GRN52231 | B120: PO18494 | C120: SUP2506 | D120: =INDEX(Suppliers!$B:$B,MATCH(C120,Suppliers!$A:$A,0)) | E120: Air freight | F120: 46258 | G120: 46262 | H120: 46262 | I120: On time | J120: 0 | L120: 10 | M120: 0 | N120: 2190 | O120: =IF(OR(I120="On time",I120="Late",I120="Very late"),1,0) | P120: =IF(AND(O120=1,M120=0),1,0)
A121: GRN52232 | B121: PO18496 | C121: SUP2304 | D121: =INDEX(Suppliers!$B:$B,MATCH(C121,Suppliers!$A:$A,0)) | E121: Supplier's own truck | F121: 46254 | G121: 46265 | H121: 46265 | I121: On time | J121: 0 | L121: 30 | M121: 0 | N121: 18600 | O121: =IF(OR(I121="On time",I121="Late",I121="Very late"),1,0) | P121: =IF(AND(O121=1,M121=0),1,0)
A122: GRN52233 | B122: PO18497 | C122: SUP2461 | D122: =INDEX(Suppliers!$B:$B,MATCH(C122,Suppliers!$A:$A,0)) | E122: Line-haul (road) | F122: 46254 | G122: 46265 | H122: 46265 | I122: On time | J122: 0 | L122: 21 | M122: 0 | N122: 17409 | O122: =IF(OR(I122="On time",I122="Late",I122="Very late"),1,0) | P122: =IF(AND(O122=1,M122=0),1,0)
A123: GRN52234 | B123: PO18499 | C123: SUP2480 | D123: =INDEX(Suppliers!$B:$B,MATCH(C123,Suppliers!$A:$A,0)) | E123: Supplier's own truck | F123: 46255 | G123: 46265 | H123: 46265 | I123: On time | J123: 0 | L123: 28 | M123: 0 | N123: 23548 | O123: =IF(OR(I123="On time",I123="Late",I123="Very late"),1,0) | P123: =IF(AND(O123=1,M123=0),1,0)
A124: GRN52235 | B124: PO18500 | C124: SUP2189 | D124: =INDEX(Suppliers!$B:$B,MATCH(C124,Suppliers!$A:$A,0)) | E124: Container cartage | F124: 46260 | G124: 46266 | H124: 46266 | I124: On time | J124: 0 | L124: 17 | M124: 0 | N124: 9146 | O124: =IF(OR(I124="On time",I124="Late",I124="Very late"),1,0) | P124: =IF(AND(O124=1,M124=0),1,0)
A125: GRN52236 | B125: PO18502 | C125: SUP2304 | D125: =INDEX(Suppliers!$B:$B,MATCH(C125,Suppliers!$A:$A,0)) | E125: Supplier's own truck | F125: 46261 | G125: 46266 | H125: 46266 | I125: On time | J125: 0 | L125: 21 | M125: 0 | N125: 15834 | O125: =IF(OR(I125="On time",I125="Late",I125="Very late"),1,0) | P125: =IF(AND(O125=1,M125=0),1,0)
A126: GRN52237 | B126: PO18504 | C126: SUP2336 | D126: =INDEX(Suppliers!$B:$B,MATCH(C126,Suppliers!$A:$A,0)) | E126: Line-haul (road) | F126: 46253 | G126: 46266 | H126: 46266 | I126: On time | J126: 0 | L126: 19 | M126: 0 | N126: 15846 | O126: =IF(OR(I126="On time",I126="Late",I126="Very late"),1,0) | P126: =IF(AND(O126=1,M126=0),1,0)
A127: GRN52238 | B127: PO18505 | C127: SUP2438 | D127: =INDEX(Suppliers!$B:$B,MATCH(C127,Suppliers!$A:$A,0)) | E127: Line-haul (road) | F127: 46258 | G127: 46266 | H127: 46266 | I127: On time | J127: 0 | L127: 5 | M127: 0 | N127: 3730 | O127: =IF(OR(I127="On time",I127="Late",I127="Very late"),1,0) | P127: =IF(AND(O127=1,M127=0),1,0)
... A141: GRN52252 | B141: PO18523 | C141: SUP2542 | D141: =INDEX(Suppliers!$B:$B,MATCH(C141,Suppliers!$A:$A,0)) | E141: Supplier's own truck | F141: 46259 | G141: 46268 | H141: 46268 | I141: On time | J141: 0 | L141: 10 | M141: 0 | N141: 4530 | O141: =IF(OR(I141="On time",I141="Late",I141="Very late"),1,0) | P141: =IF(AND(O141=1,M141=0),1,0)
A142: GRN52253 | B142: PO18525 | C142: SUP2151 | D142: =INDEX(Suppliers!$B:$B,MATCH(C142,Suppliers!$A:$A,0)) | E142: Line-haul (road) | F142: 46261 | G142: 46269 | H142: 46272 | I142: Late | J142: 1 | K142: Line-haul delay | L142: 11 | M142: 0 | N142: 4697 | O142: =IF(OR(I142="On time",I142="Late",I142="Very late"),1,0) | P142: =IF(AND(O142=1,M142=0),1,0)
A143: GRN52254 | B143: PO18526 | C143: SUP2208 | D143: =INDEX(Suppliers!$B:$B,MATCH(C143,Suppliers!$A:$A,0)) | E143: Supplier's own truck | F143: 46262 | G143: 46269 | H143: 46269 | I143: On time | J143: 0 | L143: 26 | M143: 0 | N143: 15782 | O143: =IF(OR(I143="On time",I143="Late",I143="Very late"),1,0) | P143: =IF(AND(O143=1,M143=0),1,0)
A144: GRN52255 | B144: PO18527 | C144: SUP2219 | D144: =INDEX(Suppliers!$B:$B,MATCH(C144,Suppliers!$A:$A,0)) | E144: Supplier's own truck | F144: 46261 | G144: 46269 | H144: 46269 | I144: On time | J144: 0 | L144: 6 | M144: 0 | N144: 3708 | O144: =IF(OR(I144="On time",I144="Late",I144="Very late"),1,0) | P144: =IF(AND(O144=1,M144=0),1,0)
A145: GRN52256 | B145: PO18529 | C145: SUP2304 | D145: =INDEX(Suppliers!$B:$B,MATCH(C145,Suppliers!$A:$A,0)) | E145: Supplier's own truck | F145: 46260 | G145: 46269 | H145: 46269 | I145: On time | J145: 0 | L145: 28 | M145: 0 | N145: 15204 | O145: =IF(OR(I145="On time",I145="Late",I145="Very late"),1,0) | P145: =IF(AND(O145=1,M145=0),1,0)
A146: GRN52257 | B146: PO18531 | C146: SUP2422 | D146: =INDEX(Suppliers!$B:$B,MATCH(C146,Suppliers!$A:$A,0)) | E146: Line-haul (rail) | F146: 46255 | G146: 46269 | H146: 46269 | I146: On time | J146: 0 | L146: 11 | M146: 3 | N146: 9207 | O146: =IF(OR(I146="On time",I146="Late",I146="Very late"),1,0) | P146: =IF(AND(O146=1,M146=0),1,0)
A147: GRN52258 | B147: PO18533 | C147: SUP2461 | D147: =INDEX(Suppliers!$B:$B,MATCH(C147,Suppliers!$A:$A,0)) | E147: Line-haul (road) | F147: 46258 | G147: 46269 | H147: 46269 | I147: On time | J147: 0 | L147: 22 | M147: 0 | N147: 5962 | O147: =IF(OR(I147="On time",I147="Late",I147="Very late"),1,0) | P147: =IF(AND(O147=1,M147=0),1,0)
A148: GRN52259 | B148: PO18534 | C148: SUP2480 | D148: =INDEX(Suppliers!$B:$B,MATCH(C148,Suppliers!$A:$A,0)) | E148: Supplier's own truck | F148: 46266 | G148: 46269 | H148: 46269 | I148: On time | J148: 0 | L148: 14 | M148: 0 | N148: 8848 | O148: =IF(OR(I148="On time",I148="Late",I148="Very late"),1,0) | P148: =IF(AND(O148=1,M148=0),1,0)
A149: GRN52260 | B149: PO18535 | C149: SUP2542 | D149: =INDEX(Suppliers!$B:$B,MATCH(C149,Suppliers!$A:$A,0)) | E149: Supplier's own truck | F149: 46261 | G149: 46269 | H149: 46269 | I149: On time | J149: 0 | L149: 5 | M149: 0 | N149: 1855 | O149: =IF(OR(I149="On time",I149="Late",I149="Very late"),1,0) | P149: =IF(AND(O149=1,M149=0),1,0)
A150: GRN52261 | B150: PO18536 | C150: SUP2208 | D150: =INDEX(Suppliers!$B:$B,MATCH(C150,Suppliers!$A:$A,0)) | E150: Supplier's own truck | F150: 46262 | G150: 46272 | H150: 46273 | I150: Late | J150: 1 | K150: Port / customs hold | L150: 23 | M150: 0 | N150: 10741 | O150: =IF(OR(I150="On time",I150="Late",I150="Very late"),1,0) | P150: =IF(AND(O150=1,M150=0),1,0)
A151: GRN52262 | B151: PO18537 | C151: SUP2219 | D151: =INDEX(Suppliers!$B:$B,MATCH(C151,Suppliers!$A:$A,0)) | E151: Supplier's own truck | F151: 46261 | G151: 46272 | H151: 46272 | I151: On time | J151: 0 | L151: 25 | M151: 0 | N151: 17375 | O151: =IF(OR(I151="On time",I151="Late",I151="Very late"),1,0) | P151: =IF(AND(O151=1,M151=0),1,0)
A152: GRN52263 | B152: PO18538 | C152: SUP2304 | D152: =INDEX(Suppliers!$B:$B,MATCH(C152,Suppliers!$A:$A,0)) | E152: Supplier's own truck | F152: 46265 | G152: 46272 | H152: 46272 | I152: On time | J152: 0 | L152: 21 | M152: 0 | N152: 14133 | O152: =IF(OR(I152="On time",I152="Late",I152="Very late"),1,0) | P152: =IF(AND(O152=1,M152=0),1,0)
A153: GRN52264 | B153: PO18539 | C153: SUP2461 | D153: =INDEX(Suppliers!$B:$B,MATCH(C153,Suppliers!$A:$A,0)) | E153: Line-haul (road) | F153: 46265 | G153: 46272 | H153: 46272 | I153: On time | J153: 0 | L153: 21 | M153: 0 | N153: 5754 | O153: =IF(OR(I153="On time",I153="Late",I153="Very late"),1,0) | P153: =IF(AND(O153=1,M153=0),1,0)
A154: GRN52265 | B154: PO18540 | C154: SUP2480 | D154: =INDEX(Suppliers!$B:$B,MATCH(C154,Suppliers!$A:$A,0)) | E154: Supplier's own truck | F154: 46266 | G154: 46272 | H154: 46272 | I154: On time | J154: 0 | L154: 5 | M154: 0 | N154: 4210 | O154: =IF(OR(I154="On time",I154="Late",I154="Very late"),1,0) | P154: =IF(AND(O154=1,M154=0),1,0)
...
